ratio,method,OA_mean,OA_std,,,macro_F1_mean,macro_F1_std,kappa_mean,kappa_std
0.01,A*: Global TruncSVD (Centered),0.3603,0.1151,0.2825,0.0904,0.2286,0.0817,0.194,0.13
0.01,"A2*: Global TruncSVD (SNV-Pre, Centered)",0.5042,0.1143,0.4249,0.0876,0.3553,0.0875,0.3743,0.1371
0.01,A2: Global TruncSVD (SNV-Pre),0.5539,0.1174,0.4576,0.0921,0.3925,0.0926,0.4344,0.142
0.01,"A3*: Global TruncSVD (MSC-Pre, Centered)",0.4619,0.0969,0.3971,0.08,0.319,0.0785,0.3212,0.1174
0.01,A3: Global TruncSVD (MSC-Pre),0.4964,0.0795,0.4219,0.0704,0.3472,0.0656,0.3631,0.0949
0.01,A: Global TruncSVD,0.5965,0.1151,0.4767,0.0972,0.4187,0.0993,0.482,0.1406
0.01,A_L2: L2 row norm (no SNV),0.6183,0.0996,0.5009,0.0874,0.4363,0.0917,0.5053,0.1305
0.01,A_drop1: Drop PC1 (PC2–PC20),0.5665,0.1105,0.4292,0.0951,0.3844,0.0934,0.4326,0.1381
0.01,A_drop1_scale: Drop PC1 + Scale (no SNV),0.5282,0.0864,0.4086,0.074,0.3622,0.0658,0.383,0.1116
0.01,F: PLS-DA,0.5544,0.0881,0.4371,0.0614,0.3756,0.0672,0.4239,0.108
0.1,A*: Global TruncSVD (Centered),0.5507,0.1244,0.5258,0.1153,0.5142,0.116,0.4368,0.1406
0.1,"A2*: Global TruncSVD (SNV-Pre, Centered)",0.6377,0.1319,0.6685,0.1113,0.6155,0.1281,0.5588,0.1566
0.1,A2: Global TruncSVD (SNV-Pre),0.6825,0.1214,0.6921,0.1118,0.6513,0.1256,0.6122,0.1426
0.1,"A3*: Global TruncSVD (MSC-Pre, Centered)",0.5934,0.096,0.6373,0.0937,0.5561,0.1025,0.5073,0.113
0.1,A3: Global TruncSVD (MSC-Pre),0.5946,0.11,0.6324,0.1025,0.5583,0.1153,0.509,0.1264
0.1,A: Global TruncSVD,0.777,0.0889,0.7548,0.0953,0.7418,0.0965,0.7199,0.1096
0.1,A_L2: L2 row norm (no SNV),0.7678,0.1016,0.7539,0.0929,0.7409,0.1051,0.7109,0.122
0.1,A_drop1: Drop PC1 (PC2–PC20),0.7664,0.1022,0.7239,0.1032,0.7167,0.1091,0.705,0.1261
0.1,A_drop1_scale: Drop PC1 + Scale (no SNV),0.6416,0.1097,0.5836,0.1134,0.5757,0.1224,0.54,0.1398
0.1,F: PLS-DA,0.6808,0.0839,0.6456,0.0844,0.603,0.1004,0.5995,0.1046
0.15,A*: Global TruncSVD (Centered),0.6428,0.0993,0.62,0.103,0.6165,0.0995,0.5514,0.1177
0.15,"A2*: Global TruncSVD (SNV-Pre, Centered)",0.7189,0.0893,0.7465,0.0845,0.7002,0.0914,0.656,0.1072
0.15,A2: Global TruncSVD (SNV-Pre),0.7667,0.0806,0.7783,0.0828,0.7404,0.0922,0.713,0.0961
0.15,"A3*: Global TruncSVD (MSC-Pre, Centered)",0.6309,0.0829,0.6674,0.0881,0.5991,0.0938,0.5531,0.0983
0.15,A3: Global TruncSVD (MSC-Pre),0.6432,0.0721,0.6835,0.0696,0.6127,0.0856,0.5688,0.0834
0.15,A: Global TruncSVD,0.8535,0.0771,0.8424,0.0737,0.8323,0.0788,0.8167,0.0952
0.15,A_L2: L2 row norm (no SNV),0.8401,0.0877,0.8339,0.0714,0.8216,0.0806,0.8009,0.1071
0.15,A_drop1: Drop PC1 (PC2–PC20),0.8318,0.073,0.8016,0.0803,0.7926,0.082,0.7886,0.0912
0.15,A_drop1_scale: Drop PC1 + Scale (no SNV),0.6707,0.1142,0.6142,0.122,0.6112,0.1253,0.576,0.1495
0.15,F: PLS-DA,0.7367,0.0852,0.6903,0.1007,0.6684,0.1081,0.6687,0.1079
0.2,A*: Global TruncSVD (Centered),0.6818,0.0755,0.6596,0.0738,0.6598,0.0783,0.596,0.0927
0.2,"A2*: Global TruncSVD (SNV-Pre, Centered)",0.7854,0.0687,0.8041,0.0739,0.768,0.0844,0.7361,0.0811
0.2,A2: Global TruncSVD (SNV-Pre),0.8094,0.0619,0.8208,0.0591,0.7915,0.0733,0.7648,0.0747
0.2,"A3*: Global TruncSVD (MSC-Pre, Centered)",0.6693,0.0579,0.7076,0.0585,0.6407,0.0676,0.5991,0.0679
0.2,A3: Global TruncSVD (MSC-Pre),0.6745,0.0787,0.7047,0.0838,0.6413,0.0908,0.6041,0.0937
0.2,A: Global TruncSVD,0.8784,0.0587,0.8674,0.0615,0.8586,0.0699,0.8476,0.0733
0.2,A_L2: L2 row norm (no SNV),0.8734,0.0856,0.8713,0.0848,0.8602,0.094,0.8421,0.1055
0.2,A_drop1: Drop PC1 (PC2–PC20),0.8651,0.0529,0.8368,0.0617,0.8308,0.0678,0.8305,0.0657
0.2,A_drop1_scale: Drop PC1 + Scale (no SNV),0.6862,0.0833,0.6192,0.0883,0.6218,0.1001,0.5964,0.1063
0.2,F: PLS-DA,0.745,0.0759,0.7029,0.0791,0.6868,0.0935,0.6793,0.0945
0.3,A*: Global TruncSVD (Centered),0.7381,0.0705,,,0.7265,0.0762,0.6662,0.0905
0.3,"A2*: Global TruncSVD (SNV-Pre, Centered)",0.8341,0.0648,,,0.8317,0.0595,0.7941,0.0791
0.3,A2: Global TruncSVD (SNV-Pre),0.8372,0.0622,,,0.8348,0.0622,0.7983,0.0751
0.3,"A3*: Global TruncSVD (MSC-Pre, Centered)",0.7387,0.0711,,,0.7176,0.072,0.6792,0.0854
0.3,A3: Global TruncSVD (MSC-Pre),0.7594,0.074,,,0.7351,0.0772,0.7046,0.089
0.3,A: Global TruncSVD,0.9273,0.0402,,,0.9197,0.0408,0.9088,0.0504
0.3,A_L2: L2 row norm (no SNV),0.9087,0.042,,,0.9013,0.0469,0.8851,0.0533
0.3,A_drop1: Drop PC1 (PC2–PC20),0.8964,0.0409,,,0.8815,0.0475,0.8697,0.0512
0.3,A_drop1_scale: Drop PC1 + Scale (no SNV),0.7008,0.0778,,,0.6457,0.103,0.6179,0.0999
0.3,F: PLS-DA,0.774,0.0744,,,0.7263,0.0796,0.715,0.0922
0.5,A*: Global TruncSVD (Centered),0.7856,0.0801,0.7754,0.0766,0.7883,0.0759,0.7268,0.1014
0.5,"A2*: Global TruncSVD (SNV-Pre, Centered)",0.9076,0.0472,0.9203,0.0458,0.9064,0.0495,0.8849,0.0585
0.5,A2: Global TruncSVD (SNV-Pre),0.9034,0.0549,0.9185,0.0502,0.9047,0.0542,0.8799,0.0677
0.5,"A3*: Global TruncSVD (MSC-Pre, Centered)",0.7944,0.0836,0.8182,0.0816,0.7814,0.0912,0.7472,0.1006
0.5,A3: Global TruncSVD (MSC-Pre),0.7975,0.0835,0.8195,0.0808,0.7821,0.0886,0.751,0.1006
0.5,A: Global TruncSVD,0.946,0.0414,0.9466,0.0454,0.9399,0.0449,0.9323,0.0522
0.5,A_L2: L2 row norm (no SNV),0.9408,0.0547,0.9393,0.0582,0.933,0.0625,0.9259,0.0686
0.5,A_drop1: Drop PC1 (PC2–PC20),0.9325,0.0304,0.9311,0.0362,0.9234,0.0338,0.9154,0.038
0.5,A_drop1_scale: Drop PC1 + Scale (no SNV),0.7878,0.0715,0.7457,0.0929,0.7493,0.0939,0.7291,0.0928
0.5,F: PLS-DA,0.7916,0.0591,0.746,0.071,0.7373,0.0794,0.7364,0.0746
1,A*: Global TruncSVD (Centered),0.8385,0.0689,0.8379,0.0753,0.8452,0.0714,0.7942,0.0885
1,"A2*: Global TruncSVD (SNV-Pre, Centered)",0.9307,0.0403,0.9442,0.0386,0.9315,0.0431,0.9135,0.0502
1,A2: Global TruncSVD (SNV-Pre),0.9317,0.0347,0.9468,0.032,0.9333,0.0369,0.9149,0.0431
1,"A3*: Global TruncSVD (MSC-Pre, Centered)",0.8497,0.0429,0.8709,0.0425,0.8423,0.0471,0.8143,0.0521
1,A3: Global TruncSVD (MSC-Pre),0.8559,0.036,0.875,0.043,0.8463,0.0419,0.8216,0.044
1,A: Global TruncSVD,0.969,0.0246,0.9708,0.0283,0.9654,0.0305,0.9612,0.0308
1,A_L2: L2 row norm (no SNV),0.97,0.0255,0.9704,0.0306,0.965,0.0325,0.9624,0.0319
1,A_drop1: Drop PC1 (PC2–PC20),0.9545,0.026,0.9562,0.0312,0.9503,0.0322,0.9429,0.0326
1,A_drop1_scale: Drop PC1 + Scale (no SNV),0.8622,0.0436,0.8325,0.057,0.8353,0.052,0.8255,0.0551
1,F: PLS-DA,0.8041,0.0526,0.7591,0.0672,0.7521,0.0694,0.7519,0.068
