ratio,method,ID_mean,ID_std,OOD-Turbid_mean,OOD-Turbid_std,OOD-Foamy_mean,OOD-Foamy_std,ID-IllumShift_mean,ID-IllumShift_std,ID-SensorDrift_mean,ID-SensorDrift_std,ID-BandShift_mean,ID-BandShift_std,OOD-IllumShift_mean,OOD-IllumShift_std,OOD-SensorDrift_mean,OOD-SensorDrift_std,OOD-BandShift_mean,OOD-BandShift_std
0.01,A*: Global TruncSVD (Centered),0.3893387314439946,0.1323132273568093,0.3611223597050369,0.07822104802828077,0.31719183673469387,0.14310577586116421,0.37074224021592445,0.13007886267041208,0.3923886639676113,0.12740149315104324,0.3851821862348178,0.1322540956322963,0.34490688663917013,0.07263688292297735,0.35698787651543556,0.07954648917875778,0.3598600174978127,0.08149282914130283
0.01,"A2*: Global TruncSVD (SNV-Pre, Centered)",0.533306342780027,0.13593559121662732,0.5828046494188226,0.10563557628322982,0.5220571428571429,0.10319654886086552,0.5312280701754386,0.13158493359855852,0.25889338731443995,0.09189549322242105,0.4940890688259109,0.11188323658181643,0.5821722284714411,0.1048501229856771,0.2837020372453443,0.07367505908294468,0.5476615423072116,0.0979808111185607
0.01,A2: Global TruncSVD (SNV-Pre),0.5420782726045884,0.11866141039282127,0.6069391326084239,0.08611628264038786,0.5352,0.1290348671705329,0.5378947368421053,0.1140230557925431,0.27527665317139,0.15367310883428942,0.5099865047233468,0.11074523930841061,0.6059892513435821,0.08633735827906666,0.28874890638670164,0.11528341790768726,0.5949356330458693,0.08398679993865303
0.01,"A3*: Global TruncSVD (MSC-Pre, Centered)",0.5103643724696356,0.12425199004987734,0.572670916135483,0.10090603230184222,0.5057959183673469,0.10015634037347211,0.5103643724696356,0.12425199004987734,0.3438056680161943,0.12425034717631726,0.46912280701754383,0.11152301669114867,0.572670916135483,0.10090603230184222,0.45838770153730785,0.11836992611385029,0.5286139232595926,0.10185578507519118
0.01,A3: Global TruncSVD (MSC-Pre),0.5416194331983806,0.11165909589063307,0.6161104861892264,0.09045384324114468,0.5375673469387755,0.13035612004870517,0.5416194331983806,0.11165909589063307,0.38526315789473686,0.11835574978346007,0.5239946018893388,0.10130863825261574,0.6161104861892264,0.09045384324114468,0.5226596675415573,0.12049935688536989,0.6015723034620672,0.08402807518118548
0.01,A: Global TruncSVD,0.5493657219973009,0.11874065037780486,0.5888913885764279,0.0910848766485151,0.5236897959183673,0.1592093333583331,0.5462348178137651,0.11623743390107717,0.48331983805668016,0.14185020892785977,0.54,0.1177210742929291,0.5879415073115861,0.09101208887007746,0.5489488813898263,0.10010751303170673,0.5828846394200725,0.08433569294990532
0.01,A_L2: L2 row norm (no SNV),0.5455330634278003,0.1233383753160735,0.6117085364329459,0.09793263868612047,0.5505632653061224,0.15686455256776075,0.5434278002699056,0.12177989896788406,0.463778677462888,0.1354617762356359,0.5197570850202429,0.1152466732859894,0.6110761154855643,0.09728293194025828,0.5464291963504562,0.1004276162775735,0.6041094863142107,0.0894317211600885
0.01,A_drop1: Drop PC1 (PC2–PC20),0.5670175438596491,0.11311853001931499,0.5847269091363579,0.0676501753258893,0.5592489795918367,0.13437235796278446,0.5638866396761134,0.11204275487260644,0.5130094466936572,0.13603640505605996,0.5649392712550607,0.11343632314148352,0.5840944881889764,0.06729833440599818,0.5542432195975503,0.09847042220775028,0.5844094488188977,0.07351085455893283
0.01,A_drop1_scale: Drop PC1 + Scale (no SNV),0.4449392712550608,0.13107884475866396,0.5004574428196475,0.09200452413715807,0.4723591836734694,0.16147816605317827,0.42736842105263156,0.12810015353341017,0.39838056680161943,0.1292025915744374,0.43981106612685555,0.12472549040098453,0.4871491063617048,0.08166419613168682,0.42783402074740656,0.10036397710183709,0.49885014373203346,0.10171478463562293
0.01,F: PLS-DA,0.4845344129554656,0.12676837168082195,0.5663317085364329,0.0881136017859377,0.5277224489795919,0.13961614738382255,0.4845344129554656,0.12392727442478636,0.2897975708502024,0.09937947292151951,0.4773549257759784,0.12345137024148559,0.565381827271591,0.08749107862173276,0.32893388326459194,0.07960953571490098,0.5584151981002374,0.08867873351537081
0.1,A*: Global TruncSVD (Centered),0.7472064777327936,0.0855074882054786,0.7219997500312461,0.04258407087452633,0.6967673469387755,0.07826283776895031,0.7057219973009446,0.08942558290813966,0.7047773279352226,0.07996120343436533,0.7377327935222673,0.08109894965607088,0.6852193475815522,0.041754195675694786,0.6747706536682915,0.06841292129889559,0.7140707411573552,0.04605187795412124
0.1,"A2*: Global TruncSVD (SNV-Pre, Centered)",0.8137921727395411,0.07484772507477097,0.8751331083614547,0.037537993179131,0.7927020408163266,0.05643725191872091,0.8106882591093119,0.07285681047008315,0.2869635627530364,0.14252452974846783,0.4775708502024292,0.11624007134215883,0.873233345831771,0.03681031321146231,0.3070991126109236,0.10136754207312396,0.5759355080614923,0.10711194271123721
0.1,A2: Global TruncSVD (SNV-Pre),0.8385425101214575,0.08265800031017591,0.8767154105736783,0.03122906047389406,0.7894367346938777,0.05705195880120405,0.8354385964912281,0.08081484102086275,0.3482860998650472,0.18122567121141986,0.5004588394062078,0.12537702748135154,0.8748156480439946,0.03079360846085826,0.3495563054618173,0.14272359541633983,0.5734583177102862,0.11082260074549057
0.1,"A3*: Global TruncSVD (MSC-Pre, Centered)",0.7556275303643725,0.07662202059123044,0.86368703912011,0.03489182253783363,0.7836734693877552,0.058110490438358295,0.7556275303643725,0.07662202059123044,0.302753036437247,0.15689706761624606,0.42072874493927126,0.11089744445087629,0.86368703912011,0.03489182253783363,0.315965504311961,0.10003359832403765,0.5277615298087739,0.12051078902509146
0.1,A3: Global TruncSVD (MSC-Pre),0.7587314439946019,0.08479504123112655,0.8532358455193101,0.033375656228381595,0.7886204081632653,0.055197991541044406,0.7587314439946019,0.08479504123112655,0.28205128205128205,0.13357412656460815,0.4481241565452092,0.11893152335356814,0.8532358455193101,0.033375656228381595,0.34873140857392826,0.11189363772834035,0.554450693663292,0.1111397302301573
0.1,A: Global TruncSVD,0.903697705802969,0.05736766548994177,0.9001824771903512,0.03563182676485671,0.8529469387755103,0.05822308893832344,0.8974628879892037,0.05887724633086369,0.6344399460188934,0.14265022902014243,0.8786774628879893,0.05299008778954263,0.8992325959255093,0.03596581140031029,0.6551006124234471,0.09901033509187468,0.8735208098987627,0.0336335476094587
0.1,A_L2: L2 row norm (no SNV),0.8953306342780027,0.05370569079079774,0.883992000999875,0.04413724322804818,0.8309551020408164,0.052074376267146824,0.8901484480431848,0.051400294582404686,0.3388663967611336,0.11418454911327552,0.5814844804318489,0.14964251274616883,0.8827246594175727,0.043971070529711734,0.31516560429946255,0.10799601330517639,0.5062117235345582,0.14019918330912087
0.1,A_drop1: Drop PC1 (PC2–PC20),0.9059649122807018,0.06008173604385468,0.8776827896512935,0.04194727625556087,0.8374367346938776,0.0543294949026959,0.8997300944669365,0.06215859332739741,0.5743859649122807,0.1614883021310819,0.8466936572199729,0.0719944867387268,0.8757830271216097,0.04210668877273667,0.604339457567804,0.10158179864533856,0.817705286839145,0.05358075016493184
0.1,A_drop1_scale: Drop PC1 + Scale (no SNV),0.7451821862348179,0.07478773179942694,0.7248868891388577,0.04445545814812708,0.6991510204081632,0.07430841022809012,0.7120917678812415,0.0734844147051727,0.22923076923076924,0.09899702239658194,0.39398110661268554,0.11886929710707363,0.7004824396950382,0.047729085925742376,0.20537182852143482,0.08358550365220437,0.3046344206974128,0.09709466460439672
0.1,F: PLS-DA,0.7708771929824562,0.058203703460284605,0.7670341207349081,0.049602696215783997,0.758661224489796,0.062446036122885976,0.7656950067476384,0.05361764729414807,0.36053981106612687,0.07279628139936833,0.7585964912280702,0.06611517243271754,0.7663967004124485,0.04877771624576745,0.4031721034870641,0.06973538397001837,0.7635620547431572,0.05050900969874523
0.15,A*: Global TruncSVD (Centered),0.7919838056680162,0.06979798311768387,0.7603974503187102,0.035946022143977935,0.7308734693877551,0.08782404189706904,0.7495006747638326,0.07662934900012704,0.727719298245614,0.10119360256553808,0.7796221322537111,0.07019300837183386,0.7264716910386201,0.0442532804333207,0.709976252968379,0.06119876130289419,0.7515360579927508,0.039829280503689564
0.15,"A2*: Global TruncSVD (SNV-Pre, Centered)",0.8508232118758434,0.06696979199396881,0.8979252593425823,0.032971643003794605,0.8277224489795918,0.04459653301131358,0.849770580296896,0.06469553146486039,0.31821862348178137,0.1734220720424194,0.5337112010796221,0.14172068380908387,0.8960254968128984,0.032646980318101496,0.347114110736158,0.1094500017255777,0.6255593050868642,0.11781973528477832
0.15,A2: Global TruncSVD (SNV-Pre),0.8663427800269906,0.0636856723310226,0.8985601799775028,0.031472610803991226,0.8227755102040817,0.046216267232811116,0.8642645074224022,0.0616436185728932,0.29924426450742236,0.15793331477920938,0.5420242914979757,0.13526764323042245,0.8966604174478191,0.031088345284911247,0.3711761029871266,0.12672762159854645,0.5974578177727784,0.11372857805618801
0.15,"A3*: Global TruncSVD (MSC-Pre, Centered)",0.7834008097165992,0.058339762553437584,0.8753955755530559,0.03498903125568045,0.8137959183673469,0.046840921366686175,0.7834008097165992,0.058339762553437584,0.26515519568151147,0.14602343539607687,0.48199730094466936,0.11828700442234542,0.8753955755530559,0.03498903125568045,0.3141557305336833,0.08862369597601033,0.5600649918760154,0.10347471978983862
0.15,A3: Global TruncSVD (MSC-Pre),0.7886909581646424,0.05763693206743695,0.8750806149231346,0.034847392410561194,0.8130122448979591,0.04852014098941442,0.7886909581646424,0.05763693206743695,0.24847503373819163,0.13953509694114538,0.5015114709851551,0.11309799375983032,0.8750806149231346,0.034847392410561194,0.31479065116860394,0.10661132634106671,0.5846969128858892,0.10535000791617363
0.15,A: Global TruncSVD,0.9213495276653171,0.03747323488367847,0.9144231971003625,0.033629464460820185,0.8878530612244897,0.05100711119243761,0.915114709851552,0.038322189974303346,0.605748987854251,0.18134725433599783,0.8798920377867746,0.05365221162038145,0.9131558555180602,0.034893562931023164,0.6241544806899137,0.08886566363326806,0.8871516060492438,0.04300795315363277
0.15,A_L2: L2 row norm (no SNV),0.9214035087719299,0.03827469591845222,0.9043094613173354,0.036657320993729495,0.8544816326530612,0.049950985277249386,0.9151686909581646,0.03535837599171875,0.30299595141700403,0.13383895403988713,0.6197570850202428,0.17963732351429187,0.9027246594175727,0.0368463309193665,0.33549056367954,0.10701946945221608,0.5527809023872016,0.16228011122649924
0.15,A_drop1: Drop PC1 (PC2–PC20),0.9234547908232119,0.04434704446845298,0.8992000999875016,0.03889015886313384,0.846334693877551,0.05097754934553186,0.9172199730094467,0.04348638706242003,0.520080971659919,0.18302362907184686,0.8510391363022941,0.061003738357629414,0.8973003374578178,0.03962116869057114,0.5543957005374328,0.10638039217711563,0.8291863517060368,0.06978762250350604
0.15,A_drop1_scale: Drop PC1 + Scale (no SNV),0.7783265856950068,0.05154113649507822,0.7746206724159479,0.04987167074458414,0.762595918367347,0.05906789989965918,0.7470715249662618,0.06616834973806862,0.19802968960863698,0.12840150573076345,0.37303643724696356,0.12549317551597558,0.7587976502937133,0.04638524354443689,0.1911286089238845,0.06183561545999665,0.31597550306211725,0.10222186397980863
0.15,F: PLS-DA,0.7884210526315789,0.051663178756342104,0.7708336457942757,0.04846185718113979,0.755330612244898,0.06355945225194926,0.7842914979757084,0.04885740591566322,0.37093117408906884,0.06807971385826964,0.7739541160593792,0.06344933163129626,0.7705136857892764,0.04802305895783282,0.4187226596675416,0.06006268222913684,0.7692488438945132,0.050606719687888504
0.2,A*: Global TruncSVD (Centered),0.809527665317139,0.07768959350886298,0.7866966629171354,0.03857352594429701,0.7691265306122449,0.08129751614150854,0.7763832658569502,0.07704432048332983,0.7505263157894737,0.08346356752901987,0.8012685560053981,0.08451851795773235,0.7546706661667293,0.04510819781365917,0.7305736782902137,0.06365087060177783,0.7797350331208599,0.041893340805516856
0.2,"A2*: Global TruncSVD (SNV-Pre, Centered)",0.8819973009446694,0.0627216847371658,0.9099812523434571,0.02939918268189951,0.8366367346938776,0.040654317932656114,0.8788663967611337,0.059854353898125115,0.25619433198380565,0.15402358643086483,0.5838866396761133,0.13621871922782405,0.9080814898137732,0.028867176829199655,0.3368403949506312,0.10597915836205604,0.6513160854893139,0.08116321765361147
0.2,A2: Global TruncSVD (SNV-Pre),0.8881511470985156,0.0604981627387169,0.9099762529683789,0.030535796559194174,0.8366204081632653,0.03673252450132519,0.8850472334682862,0.05733437487393342,0.31800269905533063,0.17904286663235985,0.5930634278002699,0.1304481729504971,0.9080764904386952,0.02967743810555948,0.3254293213348331,0.10300819237389876,0.6512560929883765,0.09864823798140371
0.2,"A3*: Global TruncSVD (MSC-Pre, Centered)",0.7950067476383267,0.06153683379716226,0.8880814898137733,0.03542781650367457,0.8260408163265306,0.05467051993882794,0.7950067476383267,0.06153683379716226,0.29341430499325233,0.14484633577847808,0.47139001349527665,0.11601556360462463,0.8880814898137733,0.03542781650367457,0.31666041744781903,0.0913598037267115,0.5789951256092989,0.10687732041033773
0.2,A3: Global TruncSVD (MSC-Pre),0.8011875843454791,0.06258408175681311,0.8934608173978252,0.035628845318059675,0.8251918367346939,0.04463505587813778,0.8011875843454791,0.06258408175681311,0.28253711201079623,0.15290704289287843,0.5237246963562753,0.11670629759497593,0.8934608173978252,0.035628845318059675,0.33594050743657045,0.10254175445296418,0.6185551806024246,0.09504759590908132
0.2,A: Global TruncSVD,0.9502564102564102,0.03413037909045342,0.931841019872516,0.03344686643627455,0.9057142857142857,0.04078570279750469,0.944021592442645,0.034066931913322,0.5917678812415654,0.1685574145267256,0.9004858299595142,0.04767805354699762,0.9305736782902138,0.03386100505132383,0.6121234845644294,0.09349922822211368,0.8884014498187726,0.04447197073544136
0.2,A_L2: L2 row norm (no SNV),0.9400539811066128,0.03466379871418699,0.9210698662667167,0.023525400501944738,0.8919836734693878,0.0421305231411522,0.9338191632928475,0.032540551417357684,0.32016194331983805,0.1523599850012056,0.6047503373819163,0.17008145762339105,0.9198025246844145,0.023289100636846416,0.2841544806899138,0.09639280887101306,0.5476215473065866,0.1436432190110822
0.2,A_drop1: Drop PC1 (PC2–PC20),0.9400269905533064,0.034720473346949964,0.9194925634295713,0.03551604185910397,0.8732081632653061,0.060162776098953444,0.9337921727395411,0.03506788168932543,0.4993252361673414,0.14947453141972694,0.8614035087719298,0.06771101805458264,0.9175928008998875,0.03568311130541061,0.5280964879390077,0.12500009405197096,0.8360779902512187,0.060729632889726
0.2,A_drop1_scale: Drop PC1 + Scale (no SNV),0.8258569500674764,0.06562921528663397,0.8158255218097737,0.04045121049579555,0.8016979591836734,0.06555243515556367,0.8031309041835358,0.07884163267373252,0.23017543859649123,0.10395585281205148,0.41041835357624834,0.12488149287316956,0.7942932133483315,0.044011313406744204,0.2136757905261842,0.07584211140252117,0.33497812773403324,0.09945226645463928
0.2,F: PLS-DA,0.8082051282051281,0.056402440123388034,0.7657442819647544,0.04292021965478713,0.7569795918367348,0.06729311392711364,0.8030229419703104,0.05122835280756038,0.3718488529014845,0.07353014728592257,0.7873414304993253,0.06855793137018575,0.7654243219597551,0.042687805580499685,0.42633170853643293,0.06038728604258044,0.767634045744282,0.04384205506913743
0.3,A*: Global TruncSVD (Centered),0.8446693657219972,0.07941552752268047,0.8031721034870641,0.03772476403001587,0.7854204081632653,0.06811003665303643,0.8043454790823212,0.09955501046307097,0.7432928475033738,0.10305956015376105,0.8425910931174089,0.07586456323667214,0.7667116610423698,0.03746586474989996,0.7429521309836271,0.06473939264612615,0.7946281714785651,0.03717927171134713
0.3,"A2*: Global TruncSVD (SNV-Pre, Centered)",0.9077462887989204,0.043064137589865346,0.9264516935383077,0.025365048136517625,0.8570775510204082,0.055175395869133226,0.9036167341430499,0.040657754615740026,0.2619433198380567,0.15706375369459838,0.5805128205128205,0.10217933515736552,0.9245519310086239,0.025222196940087465,0.2963854518185227,0.09857627938901971,0.6432270966129233,0.12008269012569149
0.3,A2: Global TruncSVD (SNV-Pre),0.9150067476383267,0.04265112389257155,0.9270841144856893,0.025628788587706165,0.8529795918367347,0.05735226450201988,0.9108771929824562,0.04102482715768234,0.29662618083670717,0.17721652225320472,0.5889338731443995,0.13108275242106845,0.9251843519560055,0.0257380016712505,0.30017997750281217,0.12128512172798034,0.6390951131108611,0.13191657179788663
0.3,"A3*: Global TruncSVD (MSC-Pre, Centered)",0.8197840755735493,0.05142830790435931,0.9007574053243345,0.026607732100733323,0.848930612244898,0.05043697983787195,0.8197840755735493,0.05142830790435931,0.222834008097166,0.08141356770983706,0.45063427800269906,0.10480668091729946,0.9007574053243345,0.026607732100733323,0.3140482439695038,0.07038911707140352,0.5263567054118234,0.12139543558449731
0.3,A3: Global TruncSVD (MSC-Pre),0.8135762483130904,0.05487463369653193,0.8991801024871892,0.02934998994392825,0.8456489795918367,0.05247989771359008,0.8135762483130904,0.05487463369653193,0.2341430499325236,0.07798218883057828,0.4712280701754386,0.12738954421821658,0.8991801024871892,0.02934998994392825,0.3175553055868016,0.0818473831662957,0.5501387326584176,0.14835645513596116
0.3,A: Global TruncSVD,0.9565991902834008,0.02944754714997391,0.9489588801399824,0.014168387222296472,0.9187102040816326,0.038775631936794244,0.9503643724696356,0.03157666443105387,0.5886909581646423,0.17572233880231447,0.9191632928475033,0.06644739483031135,0.9476890388701412,0.014705627393028338,0.6095263092113486,0.08329296231723463,0.9163154605674291,0.03593944865836511
0.3,A_L2: L2 row norm (no SNV),0.9483400809716599,0.035585972367917176,0.9442119735033121,0.021024794781757616,0.8951673469387755,0.04324583697490594,0.9421052631578948,0.034342871840850504,0.3202968960863698,0.12298125736061927,0.6448582995951416,0.12833509050769737,0.9426271716035495,0.021612895151496614,0.2961354830646169,0.11449904212205905,0.5769778777652793,0.12668849419054037
0.3,A_drop1: Drop PC1 (PC2–PC20),0.9492847503373819,0.025136409429240596,0.9394425696787901,0.021758991831541074,0.890269387755102,0.05447867093240395,0.9430499325236167,0.025765024415704142,0.4986774628879892,0.1697350146938717,0.8782186234817815,0.10204750245910935,0.9375428071491063,0.02180564812769375,0.5411248593925759,0.12578776436696734,0.8614823147106612,0.07722190115496269
0.3,A_drop1_scale: Drop PC1 + Scale (no SNV),0.8684750337381917,0.05679983296692319,0.8522609673790776,0.034184171130714605,0.8407510204081633,0.05573168600227694,0.845748987854251,0.07102002866972443,0.20628879892037788,0.11851513616152723,0.364885290148448,0.09139340884009034,0.8291388576427947,0.03889330232290867,0.21837770278715157,0.08811254738555649,0.2960229971253593,0.08846666271825779
0.3,F: PLS-DA,0.8114439946018893,0.049975847759635705,0.7698612673415823,0.04019700310772678,0.7578122448979592,0.06478275403259114,0.8062618083670715,0.04563241437396249,0.3917139001349528,0.06418038697652753,0.7958434547908232,0.058709649668425505,0.7695413073365829,0.04037500392443,0.4466091738532683,0.06380737783374395,0.7723884514435696,0.03675500736719513
0.5,A*: Global TruncSVD (Centered),0.8727125506072875,0.06711579314820151,0.8342382202224722,0.02872837861590993,0.8155265306122449,0.0618258987834194,0.8271524966261807,0.07809029328923858,0.7722267206477733,0.09724895087768724,0.8622941970310392,0.06294981216711872,0.7996850393700786,0.025820941707826645,0.7613723284589426,0.07386383286204194,0.8288588926384202,0.030530488167712474
0.5,"A2*: Global TruncSVD (SNV-Pre, Centered)",0.9368421052631579,0.03357924773216933,0.9407174103237095,0.020890351910361437,0.8650775510204082,0.046950764514445395,0.9326855600539811,0.03439270659330393,0.2799460188933873,0.13154366460059863,0.6447503373819162,0.11487777790734566,0.9391351081114861,0.02019242007291906,0.350453693288339,0.12115019592408348,0.6852343457067867,0.11088540403829977
0.5,A2: Global TruncSVD (SNV-Pre),0.9378947368421052,0.02987845311038326,0.9410373703287089,0.019315555385073253,0.8602285714285715,0.054125778414126885,0.935816464237517,0.030009497196467574,0.3008367071524966,0.11205121378658349,0.6073414304993252,0.10612612969495139,0.9394550681164854,0.01886063252943286,0.3407049118860142,0.11530958426079786,0.6529233845769279,0.10627474488055182
0.5,"A3*: Global TruncSVD (MSC-Pre, Centered)",0.8436437246963563,0.05415111835414485,0.9045594300712411,0.028732423388043854,0.8440163265306123,0.04950857768301846,0.8436437246963563,0.05415111835414485,0.2595411605937922,0.10932490909949635,0.4916599190283401,0.12694064730804921,0.9045594300712411,0.028732423388043854,0.29007374078240217,0.08810189327448735,0.5507761529808773,0.11597443232149099
0.5,A3: Global TruncSVD (MSC-Pre),0.8332523616734143,0.04050144023540749,0.9036170478690164,0.023834760996261296,0.8472489795918368,0.05556948115534229,0.8332523616734143,0.04050144023540749,0.2855060728744939,0.12008889925396342,0.49346828609986504,0.11712283725653,0.9036170478690164,0.023834760996261296,0.3300262467191601,0.08876646175365156,0.5736657917760281,0.11727290372228735
0.5,A: Global TruncSVD,0.9679622132253711,0.02991312623753469,0.9530733658292714,0.01652541223274874,0.9203428571428571,0.0412596132450511,0.962753036437247,0.03075423236192031,0.5629689608636977,0.1633138419044199,0.9191902834008097,0.057806391767313864,0.9514885639295088,0.0170661990616404,0.5689363829521309,0.07874789075687112,0.9131508561429821,0.04139644578293859
0.5,A_L2: L2 row norm (no SNV),0.9628070175438596,0.037988224978980925,0.9537257842769654,0.01676843435187283,0.9129795918367347,0.04078740471921451,0.9565721997300944,0.03783638540066744,0.30458839406207827,0.1304572009396899,0.6536032388663968,0.13769149159798535,0.9521434820647419,0.016724961446257364,0.34176227971503564,0.11206937837075151,0.6196025496812898,0.14197530043410866
0.5,A_drop1: Drop PC1 (PC2–PC20),0.965910931174089,0.03205372057868511,0.9524359455068117,0.017178934010498102,0.9016326530612245,0.05271525093861916,0.9596761133603239,0.03249992604183981,0.46180836707152495,0.18178739602661287,0.9049392712550608,0.05989877440327348,0.9508536432945881,0.016395836086673148,0.5302937132858393,0.11770925600871383,0.8773428321459817,0.05877615484252622
0.5,A_drop1_scale: Drop PC1 + Scale (no SNV),0.9143049932523617,0.04704673582845669,0.8890188726409198,0.03128092421957811,0.8781224489795919,0.054145130224521595,0.8852901484480432,0.06694261441900372,0.21951417004048582,0.13432358955543136,0.45462887989203776,0.11817509474137208,0.8652668416447944,0.03367826027330497,0.23274090738657666,0.09588799091936309,0.36256967879015123,0.10164836579913532
0.5,F: PLS-DA,0.812442645074224,0.0501442605556567,0.7698537682789651,0.03838305538764391,0.7593959183673469,0.05805660586821131,0.8062078272604589,0.0454331237675183,0.3988663967611336,0.05961527323660607,0.8019433198380567,0.052086319373644094,0.7695338082739657,0.03829943577926791,0.4691263592050994,0.062056530105889955,0.7714410698662667,0.035157132740085605
1.0,A*: Global TruncSVD (Centered),0.9091228070175439,0.06192090941067524,0.8605249343832021,0.025345130361349263,0.8317877551020407,0.059850607666883715,0.8581916329284751,0.07347123678962705,0.7559784075573549,0.10333453856595702,0.903859649122807,0.058041496774520245,0.8342307211598551,0.026869872070160776,0.7755955505561805,0.07292027950897394,0.8576727909011373,0.025086113261404367
1.0,"A2*: Global TruncSVD (SNV-Pre, Centered)",0.9565182186234817,0.0230772519068574,0.9511836020497438,0.017975239015017477,0.8732081632653061,0.048065431593669425,0.9502834008097166,0.022229449033518256,0.26607287449392714,0.13532165619401607,0.6809446693657221,0.10742169574587396,0.94928383952006,0.017128038792684656,0.29936007999000125,0.10503114946866543,0.7054693163354581,0.10389188650005056
1.0,A2: Global TruncSVD (SNV-Pre),0.9554655870445344,0.027395882496191234,0.9496012998375203,0.019403817142286818,0.8731755102040816,0.04842121057148803,0.951336032388664,0.02505903663059847,0.26480431848852903,0.1567650172036037,0.6683940620782727,0.09043997868174224,0.9477015373078365,0.01914429877329432,0.3197100362454693,0.1110981716980191,0.6922259717535308,0.09772935988700314
1.0,"A3*: Global TruncSVD (MSC-Pre, Centered)",0.8685290148448043,0.036678902428743075,0.9115610548681414,0.017844976063026433,0.8472489795918368,0.057436596821621784,0.8685290148448043,0.036678902428743075,0.36963562753036433,0.12871787042702101,0.5438866396761134,0.10650078544167689,0.9115610548681414,0.017844976063026433,0.3197875265591801,0.11073425839421995,0.6401674790651168,0.09323130039846413
1.0,A3: Global TruncSVD (MSC-Pre),0.8716059379217274,0.04889226238470362,0.9074465691788527,0.01563308930264263,0.8464816326530612,0.05715807863351521,0.8716059379217274,0.04889226238470362,0.3834817813765182,0.10798114009759874,0.5597840755735493,0.08765612452329252,0.9074465691788527,0.01563308930264263,0.30769403824521935,0.09903114669484837,0.6614973128358954,0.07267037378715994
1.0,A: Global TruncSVD,0.9730904183535762,0.020305907387438062,0.9670316210473691,0.015809989322013607,0.9293061224489796,0.04126185415223081,0.966855600539811,0.020468750751964887,0.48121457489878544,0.13031820420823467,0.9173009446693657,0.06951925558173655,0.9654468191476065,0.016177672659538133,0.5720734908136483,0.08814446521867415,0.9007949006374203,0.039565966998420965
1.0,A_L2: L2 row norm (no SNV),0.9669365721997301,0.03106662808794007,0.9638570178727659,0.017147368385657356,0.9317061224489795,0.04043164301002807,0.960701754385965,0.03081479784443788,0.29017543859649125,0.13075518694257893,0.7530904183535762,0.0948765139419726,0.9622722159730034,0.017487427060474563,0.35408823897012875,0.10949032143708728,0.7308836395450569,0.07537821961085261
1.0,A_drop1: Drop PC1 (PC2–PC20),0.9793252361673415,0.019704259297276254,0.9600574928133984,0.014567223584995055,0.9252571428571429,0.038937242372019815,0.9730904183535762,0.017483546278760226,0.4298515519568151,0.13497448093409756,0.9173009446693657,0.06839097888305704,0.9581577302837145,0.014390548956471442,0.53822272215973,0.11858805119746588,0.8785801774778154,0.0618002260177095
1.0,A_drop1_scale: Drop PC1 + Scale (no SNV),0.9349527665317139,0.04557362452007359,0.9204024496937884,0.023059141371607483,0.9058122448979592,0.0506306582699782,0.9151686909581646,0.049027493755510104,0.2207017543859649,0.10058205418195508,0.47228070175438597,0.11660616029175012,0.9048743907011624,0.0264151679097173,0.21271341082364703,0.08517468779962513,0.40813648293963256,0.08976057538977276
1.0,F: PLS-DA,0.8052361673414304,0.05930661021187738,0.7739857517810274,0.037323402760393774,0.7536816326530612,0.05715064572771043,0.7990013495276653,0.055055422441954986,0.41039136302294194,0.06837181397612742,0.785425101214575,0.05816161551355705,0.773665791776028,0.03720278478477106,0.46589676290463694,0.044739968270743176,0.7758980127484064,0.03649254394651974
