seed,fold,ratio,method,classifier,condition,OA,macro_F1,kappa
42,0,1.000000,USP,svm,Normal,0.974359,0.979243,0.967635
42,0,1.000000,USP,svm,BandShift,0.974359,0.979243,0.967635
42,0,1.000000,USP,rbf_svm,Normal,0.974359,0.979243,0.967635
42,0,1.000000,USP,rbf_svm,BandShift,0.974359,0.979243,0.967635
42,0,1.000000,SNV,svm,Normal,0.974359,0.979243,0.967635
42,0,1.000000,SNV,svm,BandShift,0.692308,0.561237,0.616393
42,0,1.000000,SNV,rbf_svm,Normal,0.974359,0.979243,0.967635
42,0,1.000000,SNV,rbf_svm,BandShift,0.435897,0.277778,0.235294
42,0,1.000000,SG1,svm,Normal,0.897436,0.910007,0.870861
42,0,1.000000,SG1,svm,BandShift,0.230769,0.062500,-0.058824
42,0,1.000000,SG1,rbf_svm,Normal,0.820513,0.862201,0.772689
42,0,1.000000,SG1,rbf_svm,BandShift,0.230769,0.131624,0.097222
42,0,1.000000,EMSC,svm,Normal,0.948718,0.946703,0.935697
42,0,1.000000,EMSC,svm,BandShift,0.794872,0.726390,0.743842
42,0,1.000000,EMSC,rbf_svm,Normal,0.974359,0.979243,0.967635
42,0,1.000000,EMSC,rbf_svm,BandShift,0.794872,0.654921,0.735144
42,0,1.000000,Detrend,svm,Normal,0.846154,0.846436,0.805648
42,0,1.000000,Detrend,svm,BandShift,0.205128,0.056738,-0.091155
42,0,1.000000,Detrend,rbf_svm,Normal,0.846154,0.879745,0.805162
42,0,1.000000,Detrend,rbf_svm,BandShift,0.256410,0.153186,0.106635
42,1,1.000000,USP,svm,Normal,0.948718,0.952277,0.935377
42,1,1.000000,USP,svm,BandShift,0.948718,0.952277,0.935377
42,1,1.000000,USP,rbf_svm,Normal,0.923077,0.913245,0.904020
42,1,1.000000,USP,rbf_svm,BandShift,0.923077,0.913245,0.904020
42,1,1.000000,SNV,svm,Normal,0.897436,0.894901,0.872445
42,1,1.000000,SNV,svm,BandShift,0.846154,0.792845,0.807724
42,1,1.000000,SNV,rbf_svm,Normal,0.871795,0.882371,0.839770
42,1,1.000000,SNV,rbf_svm,BandShift,0.384615,0.222896,0.162041
42,1,1.000000,SG1,svm,Normal,0.846154,0.786790,0.805648
42,1,1.000000,SG1,svm,BandShift,0.230769,0.062500,-0.069470
42,1,1.000000,SG1,rbf_svm,Normal,0.794872,0.771703,0.742149
42,1,1.000000,SG1,rbf_svm,BandShift,0.179487,0.088269,0.045872
42,1,1.000000,EMSC,svm,Normal,0.923077,0.942857,0.904412
42,1,1.000000,EMSC,svm,BandShift,0.846154,0.843711,0.808667
42,1,1.000000,EMSC,rbf_svm,Normal,0.897436,0.888537,0.870861
42,1,1.000000,EMSC,rbf_svm,BandShift,0.769231,0.660053,0.702037
42,1,1.000000,Detrend,svm,Normal,0.794872,0.757372,0.741508
42,1,1.000000,Detrend,svm,BandShift,0.512821,0.223211,0.334232
42,1,1.000000,Detrend,rbf_svm,Normal,0.769231,0.754170,0.708955
42,1,1.000000,Detrend,rbf_svm,BandShift,0.282051,0.164474,0.131955
42,2,1.000000,USP,svm,Normal,0.923077,0.912217,0.904568
42,2,1.000000,USP,svm,BandShift,0.923077,0.912217,0.904568
42,2,1.000000,USP,rbf_svm,Normal,0.897436,0.888889,0.871816
42,2,1.000000,USP,rbf_svm,BandShift,0.897436,0.888889,0.871816
42,2,1.000000,SNV,svm,Normal,0.948718,0.955514,0.936327
42,2,1.000000,SNV,svm,BandShift,0.564103,0.414719,0.464459
42,2,1.000000,SNV,rbf_svm,Normal,0.897436,0.914174,0.870000
42,2,1.000000,SNV,rbf_svm,BandShift,0.333333,0.171627,0.081522
42,2,1.000000,SG1,svm,Normal,0.897436,0.880849,0.870647
42,2,1.000000,SG1,svm,BandShift,0.256410,0.068027,-0.034767
42,2,1.000000,SG1,rbf_svm,Normal,0.871795,0.878810,0.838308
42,2,1.000000,SG1,rbf_svm,BandShift,0.179487,0.094017,0.042210
42,2,1.000000,EMSC,svm,Normal,0.948718,0.955514,0.936327
42,2,1.000000,EMSC,svm,BandShift,0.666667,0.679673,0.598257
42,2,1.000000,EMSC,rbf_svm,Normal,0.923077,0.942963,0.902985
42,2,1.000000,EMSC,rbf_svm,BandShift,0.435897,0.335930,0.244053
42,2,1.000000,Detrend,svm,Normal,0.974359,0.978408,0.967980
42,2,1.000000,Detrend,svm,BandShift,0.410256,0.337471,0.255602
42,2,1.000000,Detrend,rbf_svm,Normal,0.923077,0.895531,0.902824
42,2,1.000000,Detrend,rbf_svm,BandShift,0.410256,0.264146,0.274859
42,3,1.000000,USP,svm,Normal,0.973684,0.978408,0.966957
42,3,1.000000,USP,svm,BandShift,0.973684,0.978408,0.966957
42,3,1.000000,USP,rbf_svm,Normal,0.973684,0.978408,0.966957
42,3,1.000000,USP,rbf_svm,BandShift,0.973684,0.978408,0.966957
42,3,1.000000,SNV,svm,Normal,0.947368,0.951953,0.934313
42,3,1.000000,SNV,svm,BandShift,0.578947,0.481241,0.486052
42,3,1.000000,SNV,rbf_svm,Normal,0.973684,0.983982,0.966812
42,3,1.000000,SNV,rbf_svm,BandShift,0.368421,0.222567,0.128940
42,3,1.000000,SG1,svm,Normal,0.763158,0.715458,0.704408
42,3,1.000000,SG1,svm,BandShift,0.263158,0.070922,-0.024062
42,3,1.000000,SG1,rbf_svm,Normal,0.789474,0.766924,0.736340
42,3,1.000000,SG1,rbf_svm,BandShift,0.131579,0.061966,0.021077
42,3,1.000000,EMSC,svm,Normal,0.921053,0.920248,0.900956
42,3,1.000000,EMSC,svm,BandShift,0.710526,0.724046,0.644860
42,3,1.000000,EMSC,rbf_svm,Normal,0.973684,0.978408,0.966957
42,3,1.000000,EMSC,rbf_svm,BandShift,0.789474,0.707306,0.726864
42,3,1.000000,Detrend,svm,Normal,0.815789,0.802098,0.769896
42,3,1.000000,Detrend,svm,BandShift,0.421053,0.357143,0.316435
42,3,1.000000,Detrend,rbf_svm,Normal,0.815789,0.774322,0.769097
42,3,1.000000,Detrend,rbf_svm,BandShift,0.394737,0.230348,0.274086
42,4,1.000000,USP,svm,Normal,0.973684,0.979243,0.966985
42,4,1.000000,USP,svm,BandShift,0.973684,0.979243,0.966985
42,4,1.000000,USP,rbf_svm,Normal,0.921053,0.931356,0.901978
42,4,1.000000,USP,rbf_svm,BandShift,0.894737,0.924002,0.868739
42,4,1.000000,SNV,svm,Normal,0.921053,0.932233,0.901893
42,4,1.000000,SNV,svm,BandShift,0.684211,0.583442,0.613559
42,4,1.000000,SNV,rbf_svm,Normal,0.921053,0.932233,0.901893
42,4,1.000000,SNV,rbf_svm,BandShift,0.315789,0.183575,0.081784
42,4,1.000000,SG1,svm,Normal,0.842105,0.806118,0.796610
42,4,1.000000,SG1,svm,BandShift,0.210526,0.057971,-0.058496
42,4,1.000000,SG1,rbf_svm,Normal,0.763158,0.742504,0.693823
42,4,1.000000,SG1,rbf_svm,BandShift,0.131579,0.062823,0.024883
42,4,1.000000,EMSC,svm,Normal,0.868421,0.888499,0.838022
42,4,1.000000,EMSC,svm,BandShift,0.789474,0.823685,0.743026
42,4,1.000000,EMSC,rbf_svm,Normal,0.868421,0.894006,0.837884
42,4,1.000000,EMSC,rbf_svm,BandShift,0.710526,0.563808,0.625448
42,4,1.000000,Detrend,svm,Normal,0.763158,0.780775,0.697880
42,4,1.000000,Detrend,svm,BandShift,0.263158,0.069444,0.000000
42,4,1.000000,Detrend,rbf_svm,Normal,0.763158,0.752958,0.694643
42,4,1.000000,Detrend,rbf_svm,BandShift,0.315789,0.203464,0.182796
43,0,1.000000,USP,svm,Normal,0.948718,0.919769,0.935323
43,0,1.000000,USP,svm,BandShift,0.923077,0.903793,0.902985
43,0,1.000000,USP,rbf_svm,Normal,0.897436,0.880433,0.871393
43,0,1.000000,USP,rbf_svm,BandShift,0.923077,0.906227,0.902905
43,0,1.000000,SNV,svm,Normal,0.794872,0.790079,0.742998
43,0,1.000000,SNV,svm,BandShift,0.692308,0.503741,0.617021
43,0,1.000000,SNV,rbf_svm,Normal,0.923077,0.924171,0.902256
43,0,1.000000,SNV,rbf_svm,BandShift,0.384615,0.232488,0.156757
43,0,1.000000,SG1,svm,Normal,0.794872,0.752930,0.731959
43,0,1.000000,SG1,svm,BandShift,0.179487,0.073260,0.018868
43,0,1.000000,SG1,rbf_svm,Normal,0.743590,0.703439,0.666951
43,0,1.000000,SG1,rbf_svm,BandShift,0.153846,0.065324,0.020548
43,0,1.000000,EMSC,svm,Normal,0.769231,0.772807,0.714169
43,0,1.000000,EMSC,svm,BandShift,0.666667,0.679887,0.586122
43,0,1.000000,EMSC,rbf_svm,Normal,0.846154,0.808730,0.807882
43,0,1.000000,EMSC,rbf_svm,BandShift,0.666667,0.491925,0.559130
43,0,1.000000,Detrend,svm,Normal,0.820513,0.788731,0.766667
43,0,1.000000,Detrend,svm,BandShift,0.358974,0.212295,0.200820
43,0,1.000000,Detrend,rbf_svm,Normal,0.769231,0.715583,0.700256
43,0,1.000000,Detrend,rbf_svm,BandShift,0.282051,0.176898,0.122186
43,1,1.000000,USP,svm,Normal,0.948718,0.955320,0.936275
43,1,1.000000,USP,svm,BandShift,0.948718,0.955320,0.936275
43,1,1.000000,USP,rbf_svm,Normal,0.923077,0.932947,0.904801
43,1,1.000000,USP,rbf_svm,BandShift,0.897436,0.888930,0.872861
43,1,1.000000,SNV,svm,Normal,0.948718,0.963256,0.935961
43,1,1.000000,SNV,svm,BandShift,0.846154,0.845635,0.810680
43,1,1.000000,SNV,rbf_svm,Normal,0.897436,0.917074,0.871074
43,1,1.000000,SNV,rbf_svm,BandShift,0.410256,0.272367,0.200535
43,1,1.000000,SG1,svm,Normal,0.743590,0.734578,0.679276
43,1,1.000000,SG1,svm,BandShift,0.230769,0.062500,-0.057866
43,1,1.000000,SG1,rbf_svm,Normal,0.666667,0.666097,0.579602
43,1,1.000000,SG1,rbf_svm,BandShift,0.153846,0.067460,0.021293
43,1,1.000000,EMSC,svm,Normal,0.948718,0.960245,0.936066
43,1,1.000000,EMSC,svm,BandShift,0.743590,0.684314,0.684721
43,1,1.000000,EMSC,rbf_svm,Normal,0.923077,0.932859,0.903386
43,1,1.000000,EMSC,rbf_svm,BandShift,0.589744,0.507143,0.459740
43,1,1.000000,Detrend,svm,Normal,0.794872,0.780255,0.746959
43,1,1.000000,Detrend,svm,BandShift,0.358974,0.164164,0.158758
43,1,1.000000,Detrend,rbf_svm,Normal,0.717949,0.707588,0.646040
43,1,1.000000,Detrend,rbf_svm,BandShift,0.358974,0.282066,0.259119
43,2,1.000000,USP,svm,Normal,0.974359,0.957672,0.967928
43,2,1.000000,USP,svm,BandShift,0.974359,0.957672,0.967928
43,2,1.000000,USP,rbf_svm,Normal,0.974359,0.957672,0.967928
43,2,1.000000,USP,rbf_svm,BandShift,0.974359,0.957672,0.967928
43,2,1.000000,SNV,svm,Normal,0.974359,0.973545,0.967742
43,2,1.000000,SNV,svm,BandShift,0.769231,0.725618,0.714169
43,2,1.000000,SNV,rbf_svm,Normal,0.974359,0.974235,0.967715
43,2,1.000000,SNV,rbf_svm,BandShift,0.358974,0.203014,0.121622
43,2,1.000000,SG1,svm,Normal,0.923077,0.921600,0.903065
43,2,1.000000,SG1,svm,BandShift,0.282051,0.073333,0.000000
43,2,1.000000,SG1,rbf_svm,Normal,0.897436,0.888316,0.870647
43,2,1.000000,SG1,rbf_svm,BandShift,0.205128,0.112079,0.075688
43,2,1.000000,EMSC,svm,Normal,1.000000,1.000000,1.000000
43,2,1.000000,EMSC,svm,BandShift,0.794872,0.709921,0.742998
43,2,1.000000,EMSC,rbf_svm,Normal,0.974359,0.968254,0.968085
43,2,1.000000,EMSC,rbf_svm,BandShift,0.846154,0.739316,0.802698
43,2,1.000000,Detrend,svm,Normal,0.948718,0.937828,0.935537
43,2,1.000000,Detrend,svm,BandShift,0.307692,0.161348,0.054758
43,2,1.000000,Detrend,rbf_svm,Normal,0.948718,0.926587,0.935590
43,2,1.000000,Detrend,rbf_svm,BandShift,0.358974,0.216497,0.228029
43,3,1.000000,USP,svm,Normal,0.973684,0.978408,0.966957
43,3,1.000000,USP,svm,BandShift,0.921053,0.937255,0.901554
43,3,1.000000,USP,rbf_svm,Normal,0.921053,0.937255,0.901554
43,3,1.000000,USP,rbf_svm,BandShift,0.921053,0.937255,0.901554
43,3,1.000000,SNV,svm,Normal,0.921053,0.941938,0.901299
43,3,1.000000,SNV,svm,BandShift,0.578947,0.455089,0.479452
43,3,1.000000,SNV,rbf_svm,Normal,0.947368,0.961415,0.933856
43,3,1.000000,SNV,rbf_svm,BandShift,0.342105,0.189125,0.086538
43,3,1.000000,SG1,svm,Normal,0.868421,0.842593,0.833916
43,3,1.000000,SG1,svm,BandShift,0.263158,0.069444,-0.036027
43,3,1.000000,SG1,rbf_svm,Normal,0.868421,0.899022,0.833916
43,3,1.000000,SG1,rbf_svm,BandShift,0.210526,0.123977,0.098101
43,3,1.000000,EMSC,svm,Normal,0.842105,0.868970,0.805627
43,3,1.000000,EMSC,svm,BandShift,0.684211,0.738624,0.613559
43,3,1.000000,EMSC,rbf_svm,Normal,0.815789,0.821212,0.773617
43,3,1.000000,EMSC,rbf_svm,BandShift,0.605263,0.510494,0.500438
43,3,1.000000,Detrend,svm,Normal,0.868421,0.872857,0.834783
43,3,1.000000,Detrend,svm,BandShift,0.315789,0.143939,0.088561
43,3,1.000000,Detrend,rbf_svm,Normal,0.868421,0.900285,0.834495
43,3,1.000000,Detrend,rbf_svm,BandShift,0.342105,0.203120,0.211618
43,4,1.000000,USP,svm,Normal,1.000000,1.000000,1.000000
43,4,1.000000,USP,svm,BandShift,1.000000,1.000000,1.000000
43,4,1.000000,USP,rbf_svm,Normal,0.947368,0.953530,0.933216
43,4,1.000000,USP,rbf_svm,BandShift,0.947368,0.953530,0.933216
43,4,1.000000,SNV,svm,Normal,0.947368,0.950312,0.933740
43,4,1.000000,SNV,svm,BandShift,0.684211,0.578542,0.608919
43,4,1.000000,SNV,rbf_svm,Normal,0.947368,0.937229,0.932981
43,4,1.000000,SNV,rbf_svm,BandShift,0.368421,0.246392,0.156337
43,4,1.000000,SG1,svm,Normal,0.815789,0.751190,0.765225
43,4,1.000000,SG1,svm,BandShift,0.210526,0.057971,-0.066417
43,4,1.000000,SG1,rbf_svm,Normal,0.921053,0.865657,0.900437
43,4,1.000000,SG1,rbf_svm,BandShift,0.184211,0.111111,0.075353
43,4,1.000000,EMSC,svm,Normal,0.947368,0.925752,0.934142
43,4,1.000000,EMSC,svm,BandShift,0.763158,0.721825,0.707692
43,4,1.000000,EMSC,rbf_svm,Normal,0.921053,0.910611,0.899912
43,4,1.000000,EMSC,rbf_svm,BandShift,0.815789,0.689182,0.760791
43,4,1.000000,Detrend,svm,Normal,0.868421,0.822150,0.834639
43,4,1.000000,Detrend,svm,BandShift,0.315789,0.174501,0.158433
43,4,1.000000,Detrend,rbf_svm,Normal,0.894737,0.837198,0.866432
43,4,1.000000,Detrend,rbf_svm,BandShift,0.342105,0.215456,0.227642
44,0,1.000000,USP,svm,Normal,0.948718,0.917092,0.934673
44,0,1.000000,USP,svm,BandShift,0.948718,0.917092,0.934673
44,0,1.000000,USP,rbf_svm,Normal,0.923077,0.887302,0.901515
44,0,1.000000,USP,rbf_svm,BandShift,0.923077,0.887302,0.901515
44,0,1.000000,SNV,svm,Normal,0.948718,0.938663,0.934837
44,0,1.000000,SNV,svm,BandShift,0.717949,0.581731,0.641903
44,0,1.000000,SNV,rbf_svm,Normal,0.923077,0.905000,0.900847
44,0,1.000000,SNV,rbf_svm,BandShift,0.384615,0.232488,0.156757
44,0,1.000000,SG1,svm,Normal,0.794872,0.738333,0.738693
44,0,1.000000,SG1,svm,BandShift,0.282051,0.073333,0.000000
44,0,1.000000,SG1,rbf_svm,Normal,0.820513,0.840016,0.772120
44,0,1.000000,SG1,rbf_svm,BandShift,0.230769,0.126068,0.097222
44,0,1.000000,EMSC,svm,Normal,0.948718,0.938663,0.934837
44,0,1.000000,EMSC,svm,BandShift,0.820513,0.802104,0.775862
44,0,1.000000,EMSC,rbf_svm,Normal,0.923077,0.913502,0.901763
44,0,1.000000,EMSC,rbf_svm,BandShift,0.820513,0.672645,0.764452
44,0,1.000000,Detrend,svm,Normal,0.846154,0.817359,0.804511
44,0,1.000000,Detrend,svm,BandShift,0.307692,0.127329,0.063167
44,0,1.000000,Detrend,rbf_svm,Normal,0.820513,0.813918,0.771739
44,0,1.000000,Detrend,rbf_svm,BandShift,0.358974,0.202409,0.218123
44,1,1.000000,USP,svm,Normal,1.000000,1.000000,1.000000
44,1,1.000000,USP,svm,BandShift,1.000000,1.000000,1.000000
44,1,1.000000,USP,rbf_svm,Normal,0.974359,0.978408,0.967980
44,1,1.000000,USP,rbf_svm,BandShift,0.974359,0.978408,0.967980
44,1,1.000000,SNV,svm,Normal,0.974359,0.976912,0.968033
44,1,1.000000,SNV,svm,BandShift,0.820513,0.705672,0.777506
44,1,1.000000,SNV,rbf_svm,Normal,1.000000,1.000000,1.000000
44,1,1.000000,SNV,rbf_svm,BandShift,0.512821,0.397835,0.343667
44,1,1.000000,SG1,svm,Normal,0.923077,0.894697,0.902743
44,1,1.000000,SG1,svm,BandShift,0.230769,0.062500,-0.055957
44,1,1.000000,SG1,rbf_svm,Normal,1.000000,1.000000,1.000000
44,1,1.000000,SG1,rbf_svm,BandShift,0.153846,0.067460,0.021293
44,1,1.000000,EMSC,svm,Normal,0.948718,0.946662,0.936378
44,1,1.000000,EMSC,svm,BandShift,0.769231,0.693044,0.713469
44,1,1.000000,EMSC,rbf_svm,Normal,0.974359,0.978408,0.967980
44,1,1.000000,EMSC,rbf_svm,BandShift,0.820513,0.692693,0.767462
44,1,1.000000,Detrend,svm,Normal,0.923077,0.915902,0.903146
44,1,1.000000,Detrend,svm,BandShift,0.230769,0.108621,0.054927
44,1,1.000000,Detrend,rbf_svm,Normal,0.974359,0.984127,0.967901
44,1,1.000000,Detrend,rbf_svm,BandShift,0.358974,0.218634,0.232283
44,2,1.000000,USP,svm,Normal,0.974359,0.979243,0.968007
44,2,1.000000,USP,svm,BandShift,0.974359,0.979243,0.968007
44,2,1.000000,USP,rbf_svm,Normal,0.974359,0.979243,0.968007
44,2,1.000000,USP,rbf_svm,BandShift,0.974359,0.979243,0.968007
44,2,1.000000,SNV,svm,Normal,0.897436,0.883211,0.872236
44,2,1.000000,SNV,svm,BandShift,0.641026,0.583506,0.560740
44,2,1.000000,SNV,rbf_svm,Normal,0.923077,0.936843,0.903545
44,2,1.000000,SNV,rbf_svm,BandShift,0.333333,0.171627,0.081522
44,2,1.000000,SG1,svm,Normal,0.794872,0.759921,0.739348
44,2,1.000000,SG1,svm,BandShift,0.358974,0.194405,0.218123
44,2,1.000000,SG1,rbf_svm,Normal,0.692308,0.690977,0.611296
44,2,1.000000,SG1,rbf_svm,BandShift,0.230769,0.131624,0.097918
44,2,1.000000,EMSC,svm,Normal,0.923077,0.933963,0.904878
44,2,1.000000,EMSC,svm,BandShift,0.589744,0.596018,0.514019
44,2,1.000000,EMSC,rbf_svm,Normal,0.923077,0.922780,0.905032
44,2,1.000000,EMSC,rbf_svm,BandShift,0.487179,0.414204,0.321149
44,2,1.000000,Detrend,svm,Normal,0.846154,0.829365,0.804348
44,2,1.000000,Detrend,svm,BandShift,0.589744,0.403351,0.476949
44,2,1.000000,Detrend,rbf_svm,Normal,0.743590,0.736556,0.677152
44,2,1.000000,Detrend,rbf_svm,BandShift,0.384615,0.248214,0.247588
44,3,1.000000,USP,svm,Normal,0.947368,0.944851,0.934313
44,3,1.000000,USP,svm,BandShift,0.947368,0.944851,0.934313
44,3,1.000000,USP,rbf_svm,Normal,0.947368,0.944851,0.934313
44,3,1.000000,USP,rbf_svm,BandShift,0.947368,0.944851,0.934313
44,3,1.000000,SNV,svm,Normal,0.947368,0.944851,0.934313
44,3,1.000000,SNV,svm,BandShift,0.710526,0.599179,0.644558
44,3,1.000000,SNV,rbf_svm,Normal,0.921053,0.924663,0.901724
44,3,1.000000,SNV,rbf_svm,BandShift,0.421053,0.280303,0.207583
44,3,1.000000,SG1,svm,Normal,0.868421,0.839636,0.836489
44,3,1.000000,SG1,svm,BandShift,0.236842,0.063830,-0.059615
44,3,1.000000,SG1,rbf_svm,Normal,0.842105,0.855842,0.799824
44,3,1.000000,SG1,rbf_svm,BandShift,0.157895,0.084615,0.048513
44,3,1.000000,EMSC,svm,Normal,0.947368,0.961415,0.933856
44,3,1.000000,EMSC,svm,BandShift,0.763158,0.668058,0.699473
44,3,1.000000,EMSC,rbf_svm,Normal,0.947368,0.944851,0.934313
44,3,1.000000,EMSC,rbf_svm,BandShift,0.763158,0.684046,0.696539
44,3,1.000000,Detrend,svm,Normal,0.815789,0.818963,0.768091
44,3,1.000000,Detrend,svm,BandShift,0.368421,0.173611,0.195057
44,3,1.000000,Detrend,rbf_svm,Normal,0.868421,0.871429,0.833916
44,3,1.000000,Detrend,rbf_svm,BandShift,0.368421,0.219787,0.243154
44,4,1.000000,USP,svm,Normal,1.000000,1.000000,1.000000
44,4,1.000000,USP,svm,BandShift,0.973684,0.968254,0.967071
44,4,1.000000,USP,rbf_svm,Normal,0.921053,0.920928,0.900870
44,4,1.000000,USP,rbf_svm,BandShift,0.921053,0.946703,0.900956
44,4,1.000000,SNV,svm,Normal,0.921053,0.942857,0.901384
44,4,1.000000,SNV,svm,BandShift,0.684211,0.552778,0.611915
44,4,1.000000,SNV,rbf_svm,Normal,0.947368,0.962576,0.933970
44,4,1.000000,SNV,rbf_svm,BandShift,0.368421,0.224040,0.155556
44,4,1.000000,SG1,svm,Normal,0.921053,0.898810,0.898757
44,4,1.000000,SG1,svm,BandShift,0.210526,0.057971,-0.058496
44,4,1.000000,SG1,rbf_svm,Normal,0.815789,0.771429,0.763134
44,4,1.000000,SG1,rbf_svm,BandShift,0.105263,0.034188,-0.016522
44,4,1.000000,EMSC,svm,Normal,0.842105,0.859087,0.806616
44,4,1.000000,EMSC,svm,BandShift,0.763158,0.769763,0.709677
44,4,1.000000,EMSC,rbf_svm,Normal,0.868421,0.892732,0.835498
44,4,1.000000,EMSC,rbf_svm,BandShift,0.710526,0.623982,0.629104
44,4,1.000000,Detrend,svm,Normal,0.789474,0.744783,0.729537
44,4,1.000000,Detrend,svm,BandShift,0.263158,0.074074,0.011152
44,4,1.000000,Detrend,rbf_svm,Normal,0.789474,0.671779,0.728086
44,4,1.000000,Detrend,rbf_svm,BandShift,0.315789,0.208660,0.186161
45,0,1.000000,USP,svm,Normal,1.000000,1.000000,1.000000
45,0,1.000000,USP,svm,BandShift,1.000000,1.000000,1.000000
45,0,1.000000,USP,rbf_svm,Normal,0.948718,0.961760,0.935323
45,0,1.000000,USP,rbf_svm,BandShift,0.948718,0.964091,0.935270
45,0,1.000000,SNV,svm,Normal,0.871795,0.870437,0.841721
45,0,1.000000,SNV,svm,BandShift,0.564103,0.411111,0.468750
45,0,1.000000,SNV,rbf_svm,Normal,0.948718,0.964091,0.935270
45,0,1.000000,SNV,rbf_svm,BandShift,0.333333,0.171627,0.081522
45,0,1.000000,SG1,svm,Normal,0.897436,0.885611,0.870861
45,0,1.000000,SG1,svm,BandShift,0.230769,0.062500,-0.063636
45,0,1.000000,SG1,rbf_svm,Normal,0.871795,0.884545,0.836957
45,0,1.000000,SG1,rbf_svm,BandShift,0.179487,0.091932,0.045872
45,0,1.000000,EMSC,svm,Normal,0.897436,0.918182,0.872236
45,0,1.000000,EMSC,svm,BandShift,0.794872,0.825319,0.749398
45,0,1.000000,EMSC,rbf_svm,Normal,0.923077,0.936436,0.903783
45,0,1.000000,EMSC,rbf_svm,BandShift,0.666667,0.511656,0.565180
45,0,1.000000,Detrend,svm,Normal,0.871795,0.842379,0.836820
45,0,1.000000,Detrend,svm,BandShift,0.256410,0.106722,0.051970
45,0,1.000000,Detrend,rbf_svm,Normal,0.897436,0.884497,0.869018
45,0,1.000000,Detrend,rbf_svm,BandShift,0.384615,0.245893,0.254777
45,1,1.000000,USP,svm,Normal,0.948718,0.959482,0.936222
45,1,1.000000,USP,svm,BandShift,0.948718,0.959482,0.936222
45,1,1.000000,USP,rbf_svm,Normal,0.923077,0.940212,0.904645
45,1,1.000000,USP,rbf_svm,BandShift,0.923077,0.940212,0.904645
45,1,1.000000,SNV,svm,Normal,0.923077,0.935600,0.904801
45,1,1.000000,SNV,svm,BandShift,0.692308,0.586745,0.625000
45,1,1.000000,SNV,rbf_svm,Normal,0.948718,0.963256,0.935961
45,1,1.000000,SNV,rbf_svm,BandShift,0.384615,0.235013,0.157516
45,1,1.000000,SG1,svm,Normal,0.871795,0.888889,0.839242
45,1,1.000000,SG1,svm,BandShift,0.230769,0.062500,-0.058824
45,1,1.000000,SG1,rbf_svm,Normal,0.820513,0.829894,0.773444
45,1,1.000000,SG1,rbf_svm,BandShift,0.128205,0.039683,-0.002268
45,1,1.000000,EMSC,svm,Normal,0.871795,0.879504,0.842995
45,1,1.000000,EMSC,svm,BandShift,0.666667,0.682066,0.595371
45,1,1.000000,EMSC,rbf_svm,Normal,0.871795,0.897103,0.842361
45,1,1.000000,EMSC,rbf_svm,BandShift,0.666667,0.577255,0.579950
45,1,1.000000,Detrend,svm,Normal,0.820513,0.827958,0.773444
45,1,1.000000,Detrend,svm,BandShift,0.333333,0.224275,0.190096
45,1,1.000000,Detrend,rbf_svm,Normal,0.794872,0.790260,0.740864
45,1,1.000000,Detrend,rbf_svm,BandShift,0.333333,0.218519,0.197150
45,2,1.000000,USP,svm,Normal,0.948718,0.926587,0.935590
45,2,1.000000,USP,svm,BandShift,0.948718,0.926587,0.935590
45,2,1.000000,USP,rbf_svm,Normal,0.948718,0.926587,0.935590
45,2,1.000000,USP,rbf_svm,BandShift,0.948718,0.926587,0.935590
45,2,1.000000,SNV,svm,Normal,0.923077,0.893254,0.904412
45,2,1.000000,SNV,svm,BandShift,0.538462,0.361757,0.437500
45,2,1.000000,SNV,rbf_svm,Normal,0.871795,0.882672,0.838576
45,2,1.000000,SNV,rbf_svm,BandShift,0.358974,0.203014,0.121622
45,2,1.000000,SG1,svm,Normal,0.897436,0.854329,0.869783
45,2,1.000000,SG1,svm,BandShift,0.256410,0.068027,-0.028182
45,2,1.000000,SG1,rbf_svm,Normal,0.846154,0.824824,0.803196
45,2,1.000000,SG1,rbf_svm,BandShift,0.153846,0.067460,0.021293
45,2,1.000000,EMSC,svm,Normal,0.923077,0.907672,0.904878
45,2,1.000000,EMSC,svm,BandShift,0.820513,0.827229,0.780193
45,2,1.000000,EMSC,rbf_svm,Normal,0.974359,0.962963,0.967901
45,2,1.000000,EMSC,rbf_svm,BandShift,0.820513,0.720269,0.768448
45,2,1.000000,Detrend,svm,Normal,0.871795,0.838095,0.839901
45,2,1.000000,Detrend,svm,BandShift,0.333333,0.180808,0.208431
45,2,1.000000,Detrend,rbf_svm,Normal,0.923077,0.906832,0.902419
45,2,1.000000,Detrend,rbf_svm,BandShift,0.358974,0.226157,0.225576
45,3,1.000000,USP,svm,Normal,1.000000,1.000000,1.000000
45,3,1.000000,USP,svm,BandShift,1.000000,1.000000,1.000000
45,3,1.000000,USP,rbf_svm,Normal,0.973684,0.978408,0.966957
45,3,1.000000,USP,rbf_svm,BandShift,0.973684,0.978408,0.966957
45,3,1.000000,SNV,svm,Normal,0.947368,0.961415,0.933856
45,3,1.000000,SNV,svm,BandShift,0.789474,0.668680,0.736111
45,3,1.000000,SNV,rbf_svm,Normal,0.973684,0.983982,0.966812
45,3,1.000000,SNV,rbf_svm,BandShift,0.368421,0.221124,0.123919
45,3,1.000000,SG1,svm,Normal,0.763158,0.698894,0.701831
45,3,1.000000,SG1,svm,BandShift,0.263158,0.069444,-0.030010
45,3,1.000000,SG1,rbf_svm,Normal,0.842105,0.817501,0.799119
45,3,1.000000,SG1,rbf_svm,BandShift,0.236842,0.140203,0.123309
45,3,1.000000,EMSC,svm,Normal,0.947368,0.946703,0.933566
45,3,1.000000,EMSC,svm,BandShift,0.815789,0.792989,0.772455
45,3,1.000000,EMSC,rbf_svm,Normal,0.921053,0.921439,0.900088
45,3,1.000000,EMSC,rbf_svm,BandShift,0.736842,0.631507,0.652333
45,3,1.000000,Detrend,svm,Normal,0.815789,0.793367,0.763766
45,3,1.000000,Detrend,svm,BandShift,0.263158,0.094444,-0.020134
45,3,1.000000,Detrend,rbf_svm,Normal,0.868421,0.805483,0.833479
45,3,1.000000,Detrend,rbf_svm,BandShift,0.315789,0.198250,0.188834
45,4,1.000000,USP,svm,Normal,0.947368,0.932997,0.933624
45,4,1.000000,USP,svm,BandShift,0.921053,0.916402,0.900524
45,4,1.000000,USP,rbf_svm,Normal,0.947368,0.932997,0.933624
45,4,1.000000,USP,rbf_svm,BandShift,0.921053,0.916402,0.900524
45,4,1.000000,SNV,svm,Normal,0.947368,0.932275,0.933682
45,4,1.000000,SNV,svm,BandShift,0.710526,0.528758,0.630416
45,4,1.000000,SNV,rbf_svm,Normal,0.947368,0.932275,0.933682
45,4,1.000000,SNV,rbf_svm,BandShift,0.342105,0.216931,0.121996
45,4,1.000000,SG1,svm,Normal,0.789474,0.772013,0.732630
45,4,1.000000,SG1,svm,BandShift,0.342105,0.168718,0.201009
45,4,1.000000,SG1,rbf_svm,Normal,0.815789,0.792460,0.765639
45,4,1.000000,SG1,rbf_svm,BandShift,0.157895,0.085470,0.045526
45,4,1.000000,EMSC,svm,Normal,0.921053,0.918254,0.900697
45,4,1.000000,EMSC,svm,BandShift,0.657895,0.664734,0.585918
45,4,1.000000,EMSC,rbf_svm,Normal,0.947368,0.932275,0.933682
45,4,1.000000,EMSC,rbf_svm,BandShift,0.631579,0.562121,0.522442
45,4,1.000000,Detrend,svm,Normal,0.842105,0.784799,0.797153
45,4,1.000000,Detrend,svm,BandShift,0.289474,0.128019,0.046468
45,4,1.000000,Detrend,rbf_svm,Normal,0.815789,0.788362,0.764393
45,4,1.000000,Detrend,rbf_svm,BandShift,0.394737,0.243596,0.278282
46,0,1.000000,USP,svm,Normal,1.000000,1.000000,1.000000
46,0,1.000000,USP,svm,BandShift,1.000000,1.000000,1.000000
46,0,1.000000,USP,rbf_svm,Normal,0.948718,0.934259,0.934233
46,0,1.000000,USP,rbf_svm,BandShift,0.948718,0.934259,0.934233
46,0,1.000000,SNV,svm,Normal,0.948718,0.929262,0.935000
46,0,1.000000,SNV,svm,BandShift,0.615385,0.508730,0.527464
46,0,1.000000,SNV,rbf_svm,Normal,0.923077,0.920212,0.901349
46,0,1.000000,SNV,rbf_svm,BandShift,0.333333,0.171627,0.081522
46,0,1.000000,SG1,svm,Normal,0.846154,0.841624,0.805486
46,0,1.000000,SG1,svm,BandShift,0.256410,0.068027,-0.035714
46,0,1.000000,SG1,rbf_svm,Normal,0.897436,0.896541,0.870000
46,0,1.000000,SG1,rbf_svm,BandShift,0.128205,0.040650,-0.001511
46,0,1.000000,EMSC,svm,Normal,0.897436,0.900649,0.870432
46,0,1.000000,EMSC,svm,BandShift,0.692308,0.689041,0.625600
46,0,1.000000,EMSC,rbf_svm,Normal,0.923077,0.920212,0.901349
46,0,1.000000,EMSC,rbf_svm,BandShift,0.641026,0.568410,0.530120
46,0,1.000000,Detrend,svm,Normal,0.871795,0.838389,0.837770
46,0,1.000000,Detrend,svm,BandShift,0.333333,0.150641,0.093023
46,0,1.000000,Detrend,rbf_svm,Normal,0.923077,0.905308,0.902092
46,0,1.000000,Detrend,rbf_svm,BandShift,0.333333,0.212623,0.196513
46,1,1.000000,USP,svm,Normal,0.974359,0.967419,0.968059
46,1,1.000000,USP,svm,BandShift,0.974359,0.967419,0.968059
46,1,1.000000,USP,rbf_svm,Normal,0.948718,0.951587,0.936170
46,1,1.000000,USP,rbf_svm,BandShift,0.948718,0.951587,0.936170
46,1,1.000000,SNV,svm,Normal,0.923077,0.921763,0.904955
46,1,1.000000,SNV,svm,BandShift,0.666667,0.549311,0.588474
46,1,1.000000,SNV,rbf_svm,Normal,0.923077,0.946922,0.903862
46,1,1.000000,SNV,rbf_svm,BandShift,0.358974,0.203555,0.117647
46,1,1.000000,SG1,svm,Normal,0.820513,0.820258,0.772689
46,1,1.000000,SG1,svm,BandShift,0.205128,0.056738,-0.104110
46,1,1.000000,SG1,rbf_svm,Normal,0.871795,0.871223,0.839242
46,1,1.000000,SG1,rbf_svm,BandShift,0.128205,0.037879,0.000000
46,1,1.000000,EMSC,svm,Normal,0.871795,0.898884,0.841977
46,1,1.000000,EMSC,svm,BandShift,0.692308,0.673630,0.619512
46,1,1.000000,EMSC,rbf_svm,Normal,0.897436,0.902523,0.873377
46,1,1.000000,EMSC,rbf_svm,BandShift,0.589744,0.455988,0.462532
46,1,1.000000,Detrend,svm,Normal,0.846154,0.829556,0.807249
46,1,1.000000,Detrend,svm,BandShift,0.435897,0.312698,0.323877
46,1,1.000000,Detrend,rbf_svm,Normal,0.871795,0.884848,0.839374
46,1,1.000000,Detrend,rbf_svm,BandShift,0.256410,0.173737,0.097366
46,2,1.000000,USP,svm,Normal,0.923077,0.917154,0.904490
46,2,1.000000,USP,svm,BandShift,0.923077,0.917154,0.904490
46,2,1.000000,USP,rbf_svm,Normal,0.897436,0.897884,0.873068
46,2,1.000000,USP,rbf_svm,BandShift,0.897436,0.897884,0.873068
46,2,1.000000,SNV,svm,Normal,0.897436,0.897884,0.873068
46,2,1.000000,SNV,svm,BandShift,0.743590,0.718650,0.686495
46,2,1.000000,SNV,rbf_svm,Normal,0.923077,0.938150,0.903465
46,2,1.000000,SNV,rbf_svm,BandShift,0.358974,0.203014,0.121622
46,2,1.000000,SG1,svm,Normal,0.769231,0.769444,0.707256
46,2,1.000000,SG1,svm,BandShift,0.282051,0.073333,0.000000
46,2,1.000000,SG1,rbf_svm,Normal,0.769231,0.788571,0.707744
46,2,1.000000,SG1,rbf_svm,BandShift,0.256410,0.151786,0.113636
46,2,1.000000,EMSC,svm,Normal,0.923077,0.940212,0.904645
46,2,1.000000,EMSC,svm,BandShift,0.794872,0.828903,0.750799
46,2,1.000000,EMSC,rbf_svm,Normal,0.897436,0.920985,0.873274
46,2,1.000000,EMSC,rbf_svm,BandShift,0.666667,0.575126,0.574664
46,2,1.000000,Detrend,svm,Normal,0.846154,0.833526,0.807249
46,2,1.000000,Detrend,svm,BandShift,0.333333,0.192593,0.102655
46,2,1.000000,Detrend,rbf_svm,Normal,0.769231,0.747415,0.707012
46,2,1.000000,Detrend,rbf_svm,BandShift,0.410256,0.248739,0.274859
46,3,1.000000,USP,svm,Normal,0.973684,0.978408,0.966957
46,3,1.000000,USP,svm,BandShift,1.000000,1.000000,1.000000
46,3,1.000000,USP,rbf_svm,Normal,0.921053,0.925926,0.901893
46,3,1.000000,USP,rbf_svm,BandShift,0.921053,0.925926,0.901893
46,3,1.000000,SNV,svm,Normal,0.921053,0.925926,0.901893
46,3,1.000000,SNV,svm,BandShift,0.605263,0.491092,0.516539
46,3,1.000000,SNV,rbf_svm,Normal,0.921053,0.925926,0.901893
46,3,1.000000,SNV,rbf_svm,BandShift,0.315789,0.143056,0.043562
46,3,1.000000,SG1,svm,Normal,0.947368,0.943579,0.933333
46,3,1.000000,SG1,svm,BandShift,0.263158,0.069444,-0.036027
46,3,1.000000,SG1,rbf_svm,Normal,0.815789,0.770094,0.763134
46,3,1.000000,SG1,rbf_svm,BandShift,0.210526,0.123977,0.098101
46,3,1.000000,EMSC,svm,Normal,0.921053,0.931217,0.901809
46,3,1.000000,EMSC,svm,BandShift,0.631579,0.574705,0.549153
46,3,1.000000,EMSC,rbf_svm,Normal,0.947368,0.957672,0.934142
46,3,1.000000,EMSC,rbf_svm,BandShift,0.684211,0.570910,0.597173
46,3,1.000000,Detrend,svm,Normal,0.921053,0.911801,0.899293
46,3,1.000000,Detrend,svm,BandShift,0.394737,0.240081,0.209050
46,3,1.000000,Detrend,rbf_svm,Normal,0.789474,0.650854,0.729778
46,3,1.000000,Detrend,rbf_svm,BandShift,0.368421,0.220085,0.246903
46,4,1.000000,USP,svm,Normal,1.000000,1.000000,1.000000
46,4,1.000000,USP,svm,BandShift,1.000000,1.000000,1.000000
46,4,1.000000,USP,rbf_svm,Normal,1.000000,1.000000,1.000000
46,4,1.000000,USP,rbf_svm,BandShift,1.000000,1.000000,1.000000
46,4,1.000000,SNV,svm,Normal,1.000000,1.000000,1.000000
46,4,1.000000,SNV,svm,BandShift,0.736842,0.615663,0.675214
46,4,1.000000,SNV,rbf_svm,Normal,0.973684,0.968254,0.966667
46,4,1.000000,SNV,rbf_svm,BandShift,0.394737,0.255291,0.200366
46,4,1.000000,SG1,svm,Normal,0.947368,0.923687,0.933216
46,4,1.000000,SG1,svm,BandShift,0.236842,0.063830,-0.028945
46,4,1.000000,SG1,rbf_svm,Normal,0.894737,0.906832,0.866079
46,4,1.000000,SG1,rbf_svm,BandShift,0.184211,0.112011,0.070245
46,4,1.000000,EMSC,svm,Normal,0.973684,0.972710,0.967014
46,4,1.000000,EMSC,svm,BandShift,0.868421,0.871394,0.836770
46,4,1.000000,EMSC,rbf_svm,Normal,0.973684,0.968254,0.966667
46,4,1.000000,EMSC,rbf_svm,BandShift,0.842105,0.723687,0.796064
46,4,1.000000,Detrend,svm,Normal,0.894737,0.852656,0.864648
46,4,1.000000,Detrend,svm,BandShift,0.263158,0.069444,0.000000
46,4,1.000000,Detrend,rbf_svm,Normal,0.947368,0.937198,0.932921
46,4,1.000000,Detrend,rbf_svm,BandShift,0.368421,0.237037,0.250000
