method,classifier,C,gamma,seed,fold,OA,macro_F1,kappa
USP,svm,0.010000,scale,42,0,0.974359,0.979243,0.967635
USP,svm,0.100000,scale,42,0,0.974359,0.979243,0.967635
USP,svm,1.000000,scale,42,0,0.974359,0.979243,0.967635
USP,svm,10.000000,scale,42,0,0.974359,0.979243,0.967635
USP,svm,100.000000,scale,42,0,0.974359,0.979243,0.967635
USP,rbf_svm,0.100000,0.001,42,0,0.076923,0.023810,0.000000
USP,rbf_svm,0.100000,0.01,42,0,0.487179,0.339976,0.395349
USP,rbf_svm,0.100000,0.1,42,0,0.897436,0.924081,0.872131
USP,rbf_svm,0.100000,1,42,0,0.358974,0.342157,0.243012
USP,rbf_svm,0.100000,10,42,0,0.076923,0.023810,0.000000
USP,rbf_svm,1.000000,0.001,42,0,0.205128,0.156162,0.107090
USP,rbf_svm,1.000000,0.01,42,0,0.974359,0.979243,0.967635
USP,rbf_svm,1.000000,0.1,42,0,0.974359,0.979243,0.967635
USP,rbf_svm,1.000000,1,42,0,0.897436,0.914571,0.868243
USP,rbf_svm,1.000000,10,42,0,0.461538,0.214901,0.250000
USP,rbf_svm,10.000000,0.001,42,0,0.974359,0.979243,0.967635
USP,rbf_svm,10.000000,0.01,42,0,0.974359,0.979243,0.967635
USP,rbf_svm,10.000000,0.1,42,0,0.974359,0.979243,0.967635
USP,rbf_svm,10.000000,1,42,0,0.897436,0.914571,0.868243
USP,rbf_svm,10.000000,10,42,0,0.538462,0.250397,0.357143
USP,rbf_svm,100.000000,0.001,42,0,0.974359,0.979243,0.967635
USP,rbf_svm,100.000000,0.01,42,0,0.974359,0.979243,0.967635
USP,rbf_svm,100.000000,0.1,42,0,0.974359,0.979243,0.967635
USP,rbf_svm,100.000000,1,42,0,0.897436,0.914571,0.868243
USP,rbf_svm,100.000000,10,42,0,0.538462,0.250397,0.357143
SNV,svm,0.010000,scale,42,0,0.948718,0.930758,0.935162
SNV,svm,0.100000,scale,42,0,0.974359,0.979243,0.967635
SNV,svm,1.000000,scale,42,0,0.974359,0.979243,0.967635
SNV,svm,10.000000,scale,42,0,0.974359,0.979243,0.967635
SNV,svm,100.000000,scale,42,0,0.974359,0.979243,0.967635
SNV,rbf_svm,0.100000,0.001,42,0,0.076923,0.023810,0.000000
SNV,rbf_svm,0.100000,0.01,42,0,0.076923,0.023810,0.000000
SNV,rbf_svm,0.100000,0.1,42,0,0.615385,0.640174,0.547564
SNV,rbf_svm,0.100000,1,42,0,0.076923,0.023810,0.000000
SNV,rbf_svm,0.100000,10,42,0,0.076923,0.023810,0.000000
SNV,rbf_svm,1.000000,0.001,42,0,0.076923,0.023810,0.000000
SNV,rbf_svm,1.000000,0.01,42,0,0.974359,0.979243,0.967635
SNV,rbf_svm,1.000000,0.1,42,0,0.974359,0.979243,0.967635
SNV,rbf_svm,1.000000,1,42,0,0.641026,0.490741,0.517241
SNV,rbf_svm,1.000000,10,42,0,0.282051,0.073333,0.000000
SNV,rbf_svm,10.000000,0.001,42,0,0.974359,0.979243,0.967635
SNV,rbf_svm,10.000000,0.01,42,0,0.974359,0.979243,0.967635
SNV,rbf_svm,10.000000,0.1,42,0,0.974359,0.979243,0.967635
SNV,rbf_svm,10.000000,1,42,0,0.666667,0.504372,0.551724
SNV,rbf_svm,10.000000,10,42,0,0.307692,0.102608,0.035714
SNV,rbf_svm,100.000000,0.001,42,0,0.974359,0.979243,0.967635
SNV,rbf_svm,100.000000,0.01,42,0,0.974359,0.979243,0.967635
SNV,rbf_svm,100.000000,0.1,42,0,0.974359,0.979243,0.967635
SNV,rbf_svm,100.000000,1,42,0,0.666667,0.504372,0.551724
SNV,rbf_svm,100.000000,10,42,0,0.307692,0.102608,0.035714
USP,svm,0.010000,scale,42,1,0.846154,0.823130,0.808980
USP,svm,0.100000,scale,42,1,0.948718,0.928458,0.936066
USP,svm,1.000000,scale,42,1,0.948718,0.952277,0.935377
USP,svm,10.000000,scale,42,1,0.948718,0.952277,0.935377
USP,svm,100.000000,scale,42,1,0.948718,0.952277,0.935377
USP,rbf_svm,0.100000,0.001,42,1,0.076923,0.023810,0.000000
USP,rbf_svm,0.100000,0.01,42,1,0.358974,0.281085,0.270755
USP,rbf_svm,0.100000,0.1,42,1,0.897436,0.866347,0.871816
USP,rbf_svm,0.100000,1,42,1,0.230769,0.272061,0.140338
USP,rbf_svm,0.100000,10,42,1,0.076923,0.023810,0.000000
USP,rbf_svm,1.000000,0.001,42,1,0.230769,0.133700,0.112291
USP,rbf_svm,1.000000,0.01,42,1,0.871795,0.870028,0.841076
USP,rbf_svm,1.000000,0.1,42,1,0.948718,0.935714,0.935802
USP,rbf_svm,1.000000,1,42,1,0.820513,0.839661,0.771548
USP,rbf_svm,1.000000,10,42,1,0.435897,0.365873,0.250000
USP,rbf_svm,10.000000,0.001,42,1,0.871795,0.862229,0.841721
USP,rbf_svm,10.000000,0.01,42,1,0.948718,0.936363,0.935750
USP,rbf_svm,10.000000,0.1,42,1,0.923077,0.930483,0.902662
USP,rbf_svm,10.000000,1,42,1,0.871795,0.867917,0.836547
USP,rbf_svm,10.000000,10,42,1,0.461538,0.383087,0.283465
USP,rbf_svm,100.000000,0.001,42,1,0.948718,0.935714,0.935802
USP,rbf_svm,100.000000,0.01,42,1,0.948718,0.953530,0.935323
USP,rbf_svm,100.000000,0.1,42,1,0.923077,0.930483,0.902662
USP,rbf_svm,100.000000,1,42,1,0.871795,0.867917,0.836547
USP,rbf_svm,100.000000,10,42,1,0.461538,0.383087,0.283465
SNV,svm,0.010000,scale,42,1,0.897436,0.886965,0.873068
SNV,svm,0.100000,scale,42,1,0.897436,0.894901,0.872445
SNV,svm,1.000000,scale,42,1,0.897436,0.894901,0.872445
SNV,svm,10.000000,scale,42,1,0.897436,0.904762,0.871711
SNV,svm,100.000000,scale,42,1,0.897436,0.904762,0.871711
SNV,rbf_svm,0.100000,0.001,42,1,0.076923,0.023810,0.000000
SNV,rbf_svm,0.100000,0.01,42,1,0.076923,0.023810,0.000000
SNV,rbf_svm,0.100000,0.1,42,1,0.564103,0.615257,0.500753
SNV,rbf_svm,0.100000,1,42,1,0.076923,0.023810,0.000000
SNV,rbf_svm,0.100000,10,42,1,0.076923,0.023810,0.000000
SNV,rbf_svm,1.000000,0.001,42,1,0.256410,0.068027,0.000000
SNV,rbf_svm,1.000000,0.01,42,1,0.897436,0.894901,0.872445
SNV,rbf_svm,1.000000,0.1,42,1,0.871795,0.882581,0.836957
SNV,rbf_svm,1.000000,1,42,1,0.666667,0.599206,0.559130
SNV,rbf_svm,1.000000,10,42,1,0.256410,0.068027,0.000000
SNV,rbf_svm,10.000000,0.001,42,1,0.897436,0.894901,0.872445
SNV,rbf_svm,10.000000,0.01,42,1,0.923077,0.915637,0.904020
SNV,rbf_svm,10.000000,0.1,42,1,0.923077,0.914085,0.902337
SNV,rbf_svm,10.000000,1,42,1,0.743590,0.650358,0.662921
SNV,rbf_svm,10.000000,10,42,1,0.282051,0.073333,0.000000
SNV,rbf_svm,100.000000,0.001,42,1,0.923077,0.915637,0.904020
SNV,rbf_svm,100.000000,0.01,42,1,0.923077,0.915637,0.904020
SNV,rbf_svm,100.000000,0.1,42,1,0.923077,0.914085,0.902337
SNV,rbf_svm,100.000000,1,42,1,0.743590,0.650358,0.662921
SNV,rbf_svm,100.000000,10,42,1,0.282051,0.073333,0.000000
USP,svm,0.010000,scale,42,2,0.871795,0.837626,0.839638
USP,svm,0.100000,scale,42,2,0.923077,0.912217,0.904568
USP,svm,1.000000,scale,42,2,0.923077,0.912217,0.904568
USP,svm,10.000000,scale,42,2,0.923077,0.928781,0.903941
USP,svm,100.000000,scale,42,2,0.923077,0.928781,0.903941
USP,rbf_svm,0.100000,0.001,42,2,0.076923,0.023810,0.000000
USP,rbf_svm,0.100000,0.01,42,2,0.461538,0.336335,0.374332
USP,rbf_svm,0.100000,0.1,42,2,0.897436,0.884848,0.872131
USP,rbf_svm,0.100000,1,42,2,0.435897,0.445820,0.346037
USP,rbf_svm,0.100000,10,42,2,0.076923,0.023810,0.000000
USP,rbf_svm,1.000000,0.001,42,2,0.358974,0.211538,0.241835
USP,rbf_svm,1.000000,0.01,42,2,0.923077,0.900132,0.903941
USP,rbf_svm,1.000000,0.1,42,2,0.923077,0.911436,0.903465
USP,rbf_svm,1.000000,1,42,2,0.820513,0.826162,0.770395
USP,rbf_svm,1.000000,10,42,2,0.435897,0.208995,0.236655
USP,rbf_svm,10.000000,0.001,42,2,0.897436,0.877513,0.872445
USP,rbf_svm,10.000000,0.01,42,2,0.948718,0.934085,0.936118
USP,rbf_svm,10.000000,0.1,42,2,0.923077,0.928658,0.902905
USP,rbf_svm,10.000000,1,42,2,0.820513,0.826162,0.770395
USP,rbf_svm,10.000000,10,42,2,0.461538,0.221652,0.270703
USP,rbf_svm,100.000000,0.001,42,2,0.948718,0.934085,0.936118
USP,rbf_svm,100.000000,0.01,42,2,0.923077,0.928781,0.903941
USP,rbf_svm,100.000000,0.1,42,2,0.923077,0.928658,0.902905
USP,rbf_svm,100.000000,1,42,2,0.820513,0.826162,0.770395
USP,rbf_svm,100.000000,10,42,2,0.461538,0.221652,0.270703
SNV,svm,0.010000,scale,42,2,0.923077,0.918254,0.904334
SNV,svm,0.100000,scale,42,2,0.923077,0.927249,0.904955
SNV,svm,1.000000,scale,42,2,0.948718,0.955514,0.936327
SNV,svm,10.000000,scale,42,2,0.948718,0.955514,0.936327
SNV,svm,100.000000,scale,42,2,0.948718,0.955514,0.936327
SNV,rbf_svm,0.100000,0.001,42,2,0.076923,0.023810,0.000000
SNV,rbf_svm,0.100000,0.01,42,2,0.076923,0.023810,0.000000
SNV,rbf_svm,0.100000,0.1,42,2,0.512821,0.569762,0.445774
SNV,rbf_svm,0.100000,1,42,2,0.076923,0.023810,0.000000
SNV,rbf_svm,0.100000,10,42,2,0.076923,0.023810,0.000000
SNV,rbf_svm,1.000000,0.001,42,2,0.256410,0.068027,0.000000
SNV,rbf_svm,1.000000,0.01,42,2,0.923077,0.934848,0.903624
SNV,rbf_svm,1.000000,0.1,42,2,0.897436,0.914174,0.870000
SNV,rbf_svm,1.000000,1,42,2,0.615385,0.497836,0.485035
SNV,rbf_svm,1.000000,10,42,2,0.307692,0.105133,0.036597
SNV,rbf_svm,10.000000,0.001,42,2,0.923077,0.918254,0.904334
SNV,rbf_svm,10.000000,0.01,42,2,0.948718,0.960925,0.936013
SNV,rbf_svm,10.000000,0.1,42,2,0.897436,0.914174,0.870000
SNV,rbf_svm,10.000000,1,42,2,0.641026,0.515741,0.521472
SNV,rbf_svm,10.000000,10,42,2,0.307692,0.105133,0.036597
SNV,rbf_svm,100.000000,0.001,42,2,0.948718,0.955514,0.936327
SNV,rbf_svm,100.000000,0.01,42,2,0.948718,0.960925,0.936013
SNV,rbf_svm,100.000000,0.1,42,2,0.897436,0.914174,0.870000
SNV,rbf_svm,100.000000,1,42,2,0.641026,0.515741,0.521472
SNV,rbf_svm,100.000000,10,42,2,0.307692,0.105133,0.036597
USP,svm,0.010000,scale,42,3,0.894737,0.896675,0.867826
USP,svm,0.100000,scale,42,3,0.973684,0.978408,0.966957
USP,svm,1.000000,scale,42,3,0.973684,0.978408,0.966957
USP,svm,10.000000,scale,42,3,0.973684,0.978408,0.966957
USP,svm,100.000000,scale,42,3,0.973684,0.978408,0.966957
USP,rbf_svm,0.100000,0.001,42,3,0.078947,0.024390,0.000000
USP,rbf_svm,0.100000,0.01,42,3,0.421053,0.357011,0.330665
USP,rbf_svm,0.100000,0.1,42,3,0.842105,0.843000,0.806122
USP,rbf_svm,0.100000,1,42,3,0.289474,0.331441,0.188933
USP,rbf_svm,0.100000,10,42,3,0.078947,0.024390,0.000000
USP,rbf_svm,1.000000,0.001,42,3,0.394737,0.317104,0.292880
USP,rbf_svm,1.000000,0.01,42,3,0.947368,0.957672,0.934142
USP,rbf_svm,1.000000,0.1,42,3,0.947368,0.946703,0.933566
USP,rbf_svm,1.000000,1,42,3,0.894737,0.883333,0.865009
USP,rbf_svm,1.000000,10,42,3,0.473684,0.354167,0.292365
USP,rbf_svm,10.000000,0.001,42,3,0.947368,0.957672,0.934142
USP,rbf_svm,10.000000,0.01,42,3,0.973684,0.978408,0.966957
USP,rbf_svm,10.000000,0.1,42,3,0.947368,0.946703,0.933566
USP,rbf_svm,10.000000,1,42,3,0.894737,0.883333,0.865009
USP,rbf_svm,10.000000,10,42,3,0.473684,0.296296,0.285714
USP,rbf_svm,100.000000,0.001,42,3,0.973684,0.978408,0.966957
USP,rbf_svm,100.000000,0.01,42,3,0.973684,0.978408,0.966957
USP,rbf_svm,100.000000,0.1,42,3,0.947368,0.946703,0.933566
USP,rbf_svm,100.000000,1,42,3,0.894737,0.883333,0.865009
USP,rbf_svm,100.000000,10,42,3,0.473684,0.296296,0.285714
SNV,svm,0.010000,scale,42,3,0.842105,0.819377,0.804460
SNV,svm,0.100000,scale,42,3,0.947368,0.946662,0.934370
SNV,svm,1.000000,scale,42,3,0.947368,0.951953,0.934313
SNV,svm,10.000000,scale,42,3,0.947368,0.951953,0.934313
SNV,svm,100.000000,scale,42,3,0.947368,0.951953,0.934313
SNV,rbf_svm,0.100000,0.001,42,3,0.078947,0.024390,0.000000
SNV,rbf_svm,0.100000,0.01,42,3,0.078947,0.024390,0.000000
SNV,rbf_svm,0.100000,0.1,42,3,0.552632,0.610026,0.487302
SNV,rbf_svm,0.100000,1,42,3,0.078947,0.024390,0.000000
SNV,rbf_svm,0.100000,10,42,3,0.078947,0.024390,0.000000
SNV,rbf_svm,1.000000,0.001,42,3,0.289474,0.163420,0.055249
SNV,rbf_svm,1.000000,0.01,42,3,0.894737,0.864693,0.868056
SNV,rbf_svm,1.000000,0.1,42,3,0.947368,0.952277,0.933275
SNV,rbf_svm,1.000000,1,42,3,0.526316,0.428175,0.352886
SNV,rbf_svm,1.000000,10,42,3,0.263158,0.069444,0.000000
SNV,rbf_svm,10.000000,0.001,42,3,0.894737,0.864693,0.868056
SNV,rbf_svm,10.000000,0.01,42,3,0.973684,0.978408,0.966957
SNV,rbf_svm,10.000000,0.1,42,3,0.947368,0.952277,0.933275
SNV,rbf_svm,10.000000,1,42,3,0.526316,0.428175,0.352886
SNV,rbf_svm,10.000000,10,42,3,0.315789,0.106692,0.037975
SNV,rbf_svm,100.000000,0.001,42,3,0.947368,0.951953,0.934313
SNV,rbf_svm,100.000000,0.01,42,3,0.973684,0.983982,0.966812
SNV,rbf_svm,100.000000,0.1,42,3,0.921053,0.930483,0.899471
SNV,rbf_svm,100.000000,1,42,3,0.526316,0.428175,0.352886
SNV,rbf_svm,100.000000,10,42,3,0.315789,0.106692,0.037975
USP,svm,0.010000,scale,42,4,0.763158,0.793838,0.709924
USP,svm,0.100000,scale,42,4,0.947368,0.959524,0.934256
USP,svm,1.000000,scale,42,4,0.973684,0.979243,0.966985
USP,svm,10.000000,scale,42,4,1.000000,1.000000,1.000000
USP,svm,100.000000,scale,42,4,1.000000,1.000000,1.000000
USP,rbf_svm,0.100000,0.001,42,4,0.184211,0.103486,0.075353
USP,rbf_svm,0.100000,0.01,42,4,0.263158,0.172222,0.144695
USP,rbf_svm,0.100000,0.1,42,4,0.815789,0.836202,0.773810
USP,rbf_svm,0.100000,1,42,4,0.368421,0.246377,0.131429
USP,rbf_svm,0.100000,10,42,4,0.289474,0.074830,0.000000
USP,rbf_svm,1.000000,0.001,42,4,0.526316,0.375219,0.378182
USP,rbf_svm,1.000000,0.01,42,4,0.842105,0.875319,0.804962
USP,rbf_svm,1.000000,0.1,42,4,0.921053,0.932233,0.901893
USP,rbf_svm,1.000000,1,42,4,0.947368,0.962188,0.933333
USP,rbf_svm,1.000000,10,42,4,0.552632,0.494811,0.394564
USP,rbf_svm,10.000000,0.001,42,4,0.868421,0.902496,0.836629
USP,rbf_svm,10.000000,0.01,42,4,0.947368,0.959524,0.934256
USP,rbf_svm,10.000000,0.1,42,4,0.973684,0.983982,0.966812
USP,rbf_svm,10.000000,1,42,4,0.947368,0.962188,0.933333
USP,rbf_svm,10.000000,10,42,4,0.578947,0.439084,0.424242
USP,rbf_svm,100.000000,0.001,42,4,0.947368,0.959524,0.934256
USP,rbf_svm,100.000000,0.01,42,4,1.000000,1.000000,1.000000
USP,rbf_svm,100.000000,0.1,42,4,0.973684,0.983982,0.966812
USP,rbf_svm,100.000000,1,42,4,0.947368,0.962188,0.933333
USP,rbf_svm,100.000000,10,42,4,0.578947,0.439084,0.424242
SNV,svm,0.010000,scale,42,4,0.842105,0.864035,0.804292
SNV,svm,0.100000,scale,42,4,0.894737,0.913060,0.869751
SNV,svm,1.000000,scale,42,4,0.921053,0.932233,0.901893
SNV,svm,10.000000,scale,42,4,0.947368,0.949663,0.933798
SNV,svm,100.000000,scale,42,4,0.947368,0.949663,0.933798
SNV,rbf_svm,0.100000,0.001,42,4,0.368421,0.180340,0.163303
SNV,rbf_svm,0.100000,0.01,42,4,0.368421,0.175000,0.169399
SNV,rbf_svm,0.100000,0.1,42,4,0.868421,0.861291,0.830660
SNV,rbf_svm,0.100000,1,42,4,0.368421,0.246377,0.131429
SNV,rbf_svm,0.100000,10,42,4,0.289474,0.074830,0.000000
SNV,rbf_svm,1.000000,0.001,42,4,0.289474,0.074830,0.000000
SNV,rbf_svm,1.000000,0.01,42,4,0.868421,0.882895,0.836207
SNV,rbf_svm,1.000000,0.1,42,4,0.921053,0.920910,0.900956
SNV,rbf_svm,1.000000,1,42,4,0.552632,0.505368,0.407883
SNV,rbf_svm,1.000000,10,42,4,0.289474,0.074830,0.000000
SNV,rbf_svm,10.000000,0.001,42,4,0.868421,0.882895,0.836207
SNV,rbf_svm,10.000000,0.01,42,4,0.921053,0.932233,0.901893
SNV,rbf_svm,10.000000,0.1,42,4,0.973684,0.968254,0.966667
SNV,rbf_svm,10.000000,1,42,4,0.684211,0.587500,0.582035
SNV,rbf_svm,10.000000,10,42,4,0.342105,0.145503,0.104618
SNV,rbf_svm,100.000000,0.001,42,4,0.894737,0.913060,0.869751
SNV,rbf_svm,100.000000,0.01,42,4,0.973684,0.972710,0.967014
SNV,rbf_svm,100.000000,0.1,42,4,0.947368,0.945887,0.933099
SNV,rbf_svm,100.000000,1,42,4,0.684211,0.587500,0.582035
SNV,rbf_svm,100.000000,10,42,4,0.342105,0.145503,0.104618
USP,svm,0.010000,scale,43,0,0.871795,0.857021,0.840295
USP,svm,0.100000,scale,43,0,0.923077,0.898218,0.903386
USP,svm,1.000000,scale,43,0,0.948718,0.919769,0.935323
USP,svm,10.000000,scale,43,0,0.948718,0.919769,0.935323
USP,svm,100.000000,scale,43,0,0.948718,0.919769,0.935323
USP,rbf_svm,0.100000,0.001,43,0,0.076923,0.023810,0.000000
USP,rbf_svm,0.100000,0.01,43,0,0.230769,0.126812,0.128167
USP,rbf_svm,0.100000,0.1,43,0,0.794872,0.786508,0.745928
USP,rbf_svm,0.100000,1,43,0,0.128205,0.141414,0.045356
USP,rbf_svm,0.100000,10,43,0,0.076923,0.023810,0.000000
USP,rbf_svm,1.000000,0.001,43,0,0.282051,0.193186,0.180795
USP,rbf_svm,1.000000,0.01,43,0,0.871795,0.857021,0.840295
USP,rbf_svm,1.000000,0.1,43,0,0.871795,0.858658,0.836957
USP,rbf_svm,1.000000,1,43,0,0.743590,0.763268,0.663793
USP,rbf_svm,1.000000,10,43,0,0.435897,0.338889,0.225632
USP,rbf_svm,10.000000,0.001,43,0,0.897436,0.872425,0.872026
USP,rbf_svm,10.000000,0.01,43,0,0.948718,0.927674,0.935000
USP,rbf_svm,10.000000,0.1,43,0,0.923077,0.914625,0.901928
USP,rbf_svm,10.000000,1,43,0,0.769231,0.776613,0.697414
USP,rbf_svm,10.000000,10,43,0,0.487179,0.371615,0.296029
USP,rbf_svm,100.000000,0.001,43,0,0.948718,0.919769,0.935323
USP,rbf_svm,100.000000,0.01,43,0,0.948718,0.927674,0.935000
USP,rbf_svm,100.000000,0.1,43,0,0.923077,0.914625,0.901928
USP,rbf_svm,100.000000,1,43,0,0.769231,0.776613,0.697414
USP,rbf_svm,100.000000,10,43,0,0.487179,0.371615,0.296029
SNV,svm,0.010000,scale,43,0,0.794872,0.779492,0.743632
SNV,svm,0.100000,scale,43,0,0.794872,0.775127,0.743632
SNV,svm,1.000000,scale,43,0,0.794872,0.790079,0.742998
SNV,svm,10.000000,scale,43,0,0.743590,0.742926,0.675541
SNV,svm,100.000000,scale,43,0,0.743590,0.742926,0.675541
SNV,rbf_svm,0.100000,0.001,43,0,0.076923,0.023810,0.000000
SNV,rbf_svm,0.100000,0.01,43,0,0.076923,0.023810,0.000000
SNV,rbf_svm,0.100000,0.1,43,0,0.487179,0.523062,0.406844
SNV,rbf_svm,0.100000,1,43,0,0.076923,0.023810,0.000000
SNV,rbf_svm,0.100000,10,43,0,0.076923,0.023810,0.000000
SNV,rbf_svm,1.000000,0.001,43,0,0.076923,0.024390,-0.002141
SNV,rbf_svm,1.000000,0.01,43,0,0.846154,0.835053,0.806931
SNV,rbf_svm,1.000000,0.1,43,0,0.923077,0.905397,0.901182
SNV,rbf_svm,1.000000,1,43,0,0.615385,0.518411,0.480923
SNV,rbf_svm,1.000000,10,43,0,0.282051,0.073333,0.000000
SNV,rbf_svm,10.000000,0.001,43,0,0.820513,0.803307,0.776230
SNV,rbf_svm,10.000000,0.01,43,0,0.871795,0.850335,0.838442
SNV,rbf_svm,10.000000,0.1,43,0,0.871795,0.861199,0.833901
SNV,rbf_svm,10.000000,1,43,0,0.641026,0.531885,0.515528
SNV,rbf_svm,10.000000,10,43,0,0.333333,0.127671,0.071429
SNV,rbf_svm,100.000000,0.001,43,0,0.794872,0.805952,0.741294
SNV,rbf_svm,100.000000,0.01,43,0,0.871795,0.842078,0.836957
SNV,rbf_svm,100.000000,0.1,43,0,0.871795,0.861199,0.833901
SNV,rbf_svm,100.000000,1,43,0,0.641026,0.531885,0.515528
SNV,rbf_svm,100.000000,10,43,0,0.333333,0.127671,0.071429
USP,svm,0.010000,scale,43,1,0.871795,0.867047,0.841592
USP,svm,0.100000,scale,43,1,0.923077,0.932947,0.904801
USP,svm,1.000000,scale,43,1,0.948718,0.955320,0.936275
USP,svm,10.000000,scale,43,1,0.948718,0.955320,0.936275
USP,svm,100.000000,scale,43,1,0.948718,0.955320,0.936275
USP,rbf_svm,0.100000,0.001,43,1,0.076923,0.023810,0.000000
USP,rbf_svm,0.100000,0.01,43,1,0.358974,0.270955,0.266917
USP,rbf_svm,0.100000,0.1,43,1,0.948718,0.930758,0.935908
USP,rbf_svm,0.100000,1,43,1,0.358974,0.394355,0.247104
USP,rbf_svm,0.100000,10,43,1,0.076923,0.023810,0.000000
USP,rbf_svm,1.000000,0.001,43,1,0.358974,0.242970,0.252301
USP,rbf_svm,1.000000,0.01,43,1,0.871795,0.867047,0.841592
USP,rbf_svm,1.000000,0.1,43,1,0.948718,0.930758,0.935908
USP,rbf_svm,1.000000,1,43,1,0.846154,0.831043,0.802864
USP,rbf_svm,1.000000,10,43,1,0.384615,0.247980,0.174603
USP,rbf_svm,10.000000,0.001,43,1,0.871795,0.867047,0.841592
USP,rbf_svm,10.000000,0.01,43,1,0.923077,0.932947,0.904801
USP,rbf_svm,10.000000,0.1,43,1,0.948718,0.930758,0.935908
USP,rbf_svm,10.000000,1,43,1,0.846154,0.831043,0.802864
USP,rbf_svm,10.000000,10,43,1,0.461538,0.294264,0.275862
USP,rbf_svm,100.000000,0.001,43,1,0.923077,0.932947,0.904801
USP,rbf_svm,100.000000,0.01,43,1,0.948718,0.955320,0.936275
USP,rbf_svm,100.000000,0.1,43,1,0.948718,0.930758,0.935908
USP,rbf_svm,100.000000,1,43,1,0.846154,0.831043,0.802864
USP,rbf_svm,100.000000,10,43,1,0.461538,0.294264,0.275862
SNV,svm,0.010000,scale,43,1,0.923077,0.909360,0.904255
SNV,svm,0.100000,scale,43,1,0.974359,0.979243,0.968007
SNV,svm,1.000000,scale,43,1,0.948718,0.963256,0.935961
SNV,svm,10.000000,scale,43,1,0.948718,0.968182,0.935750
SNV,svm,100.000000,scale,43,1,0.948718,0.968182,0.935750
SNV,rbf_svm,0.100000,0.001,43,1,0.076923,0.023810,0.000000
SNV,rbf_svm,0.100000,0.01,43,1,0.076923,0.023810,0.000000
SNV,rbf_svm,0.100000,0.1,43,1,0.487179,0.549259,0.418345
SNV,rbf_svm,0.100000,1,43,1,0.076923,0.023810,0.000000
SNV,rbf_svm,0.100000,10,43,1,0.076923,0.023810,0.000000
SNV,rbf_svm,1.000000,0.001,43,1,0.256410,0.068027,0.000000
SNV,rbf_svm,1.000000,0.01,43,1,0.948718,0.955320,0.936275
SNV,rbf_svm,1.000000,0.1,43,1,0.846154,0.883242,0.806291
SNV,rbf_svm,1.000000,1,43,1,0.538462,0.423016,0.378211
SNV,rbf_svm,1.000000,10,43,1,0.256410,0.068027,0.000000
SNV,rbf_svm,10.000000,0.001,43,1,0.948718,0.955320,0.936275
SNV,rbf_svm,10.000000,0.01,43,1,0.948718,0.963256,0.935961
SNV,rbf_svm,10.000000,0.1,43,1,0.846154,0.883242,0.806291
SNV,rbf_svm,10.000000,1,43,1,0.538462,0.423016,0.378211
SNV,rbf_svm,10.000000,10,43,1,0.358974,0.154937,0.109589
SNV,rbf_svm,100.000000,0.001,43,1,0.948718,0.963256,0.935961
SNV,rbf_svm,100.000000,0.01,43,1,0.948718,0.963256,0.935961
SNV,rbf_svm,100.000000,0.1,43,1,0.846154,0.883242,0.806291
SNV,rbf_svm,100.000000,1,43,1,0.538462,0.423016,0.378211
SNV,rbf_svm,100.000000,10,43,1,0.358974,0.154937,0.109589
USP,svm,0.010000,scale,43,2,0.948718,0.918680,0.935430
USP,svm,0.100000,scale,43,2,0.974359,0.957672,0.967928
USP,svm,1.000000,scale,43,2,0.974359,0.957672,0.967928
USP,svm,10.000000,scale,43,2,0.974359,0.974235,0.967715
USP,svm,100.000000,scale,43,2,0.974359,0.974235,0.967715
USP,rbf_svm,0.100000,0.001,43,2,0.076923,0.023810,0.000000
USP,rbf_svm,0.100000,0.01,43,2,0.410256,0.307018,0.320455
USP,rbf_svm,0.100000,0.1,43,2,0.948718,0.931878,0.936275
USP,rbf_svm,0.100000,1,43,2,0.333333,0.386081,0.233560
USP,rbf_svm,0.100000,10,43,2,0.076923,0.023810,0.000000
USP,rbf_svm,1.000000,0.001,43,2,0.358974,0.264134,0.253446
USP,rbf_svm,1.000000,0.01,43,2,0.974359,0.957672,0.967928
USP,rbf_svm,1.000000,0.1,43,2,0.974359,0.957672,0.967928
USP,rbf_svm,1.000000,1,43,2,0.846154,0.864244,0.804348
USP,rbf_svm,1.000000,10,43,2,0.384615,0.297186,0.179667
USP,rbf_svm,10.000000,0.001,43,2,0.974359,0.957672,0.967928
USP,rbf_svm,10.000000,0.01,43,2,0.974359,0.957672,0.967928
USP,rbf_svm,10.000000,0.1,43,2,0.974359,0.973545,0.967742
USP,rbf_svm,10.000000,1,43,2,0.897436,0.891595,0.869347
USP,rbf_svm,10.000000,10,43,2,0.461538,0.348948,0.280316
USP,rbf_svm,100.000000,0.001,43,2,0.974359,0.957672,0.967928
USP,rbf_svm,100.000000,0.01,43,2,0.974359,0.974235,0.967715
USP,rbf_svm,100.000000,0.1,43,2,0.974359,0.973545,0.967742
USP,rbf_svm,100.000000,1,43,2,0.897436,0.891595,0.869347
USP,rbf_svm,100.000000,10,43,2,0.461538,0.348948,0.280316
SNV,svm,0.010000,scale,43,2,0.974359,0.952381,0.967901
SNV,svm,0.100000,scale,43,2,0.974359,0.957672,0.967928
SNV,svm,1.000000,scale,43,2,0.974359,0.973545,0.967742
SNV,svm,10.000000,scale,43,2,0.974359,0.973545,0.967742
SNV,svm,100.000000,scale,43,2,0.974359,0.973545,0.967742
SNV,rbf_svm,0.100000,0.001,43,2,0.076923,0.023810,0.000000
SNV,rbf_svm,0.100000,0.01,43,2,0.076923,0.023810,0.000000
SNV,rbf_svm,0.100000,0.1,43,2,0.641026,0.665567,0.583841
SNV,rbf_svm,0.100000,1,43,2,0.076923,0.023810,0.000000
SNV,rbf_svm,0.100000,10,43,2,0.076923,0.023810,0.000000
SNV,rbf_svm,1.000000,0.001,43,2,0.256410,0.068027,0.000000
SNV,rbf_svm,1.000000,0.01,43,2,0.974359,0.957672,0.967928
SNV,rbf_svm,1.000000,0.1,43,2,0.974359,0.974235,0.967715
SNV,rbf_svm,1.000000,1,43,2,0.641026,0.541885,0.520632
SNV,rbf_svm,1.000000,10,43,2,0.256410,0.068027,0.000000
SNV,rbf_svm,10.000000,0.001,43,2,1.000000,1.000000,1.000000
SNV,rbf_svm,10.000000,0.01,43,2,0.974359,0.973545,0.967742
SNV,rbf_svm,10.000000,0.1,43,2,0.948718,0.934259,0.935000
SNV,rbf_svm,10.000000,1,43,2,0.717949,0.594006,0.625654
SNV,rbf_svm,10.000000,10,43,2,0.384615,0.174948,0.145985
SNV,rbf_svm,100.000000,0.001,43,2,0.974359,0.973545,0.967742
SNV,rbf_svm,100.000000,0.01,43,2,0.974359,0.973545,0.967742
SNV,rbf_svm,100.000000,0.1,43,2,0.948718,0.934259,0.935000
SNV,rbf_svm,100.000000,1,43,2,0.717949,0.594006,0.625654
SNV,rbf_svm,100.000000,10,43,2,0.384615,0.174948,0.145985
USP,svm,0.010000,scale,43,3,0.868421,0.895531,0.836348
USP,svm,0.100000,scale,43,3,0.947368,0.957672,0.934142
USP,svm,1.000000,scale,43,3,0.973684,0.978408,0.966957
USP,svm,10.000000,scale,43,3,0.973684,0.978408,0.966957
USP,svm,100.000000,scale,43,3,0.973684,0.978408,0.966957
USP,rbf_svm,0.100000,0.001,43,3,0.078947,0.024390,0.000000
USP,rbf_svm,0.100000,0.01,43,3,0.368421,0.315794,0.281890
USP,rbf_svm,0.100000,0.1,43,3,0.710526,0.729486,0.653400
USP,rbf_svm,0.100000,1,43,3,0.526316,0.531858,0.383228
USP,rbf_svm,0.100000,10,43,3,0.078947,0.024390,0.000000
USP,rbf_svm,1.000000,0.001,43,3,0.263158,0.233090,0.154213
USP,rbf_svm,1.000000,0.01,43,3,0.894737,0.917754,0.868626
USP,rbf_svm,1.000000,0.1,43,3,0.947368,0.946703,0.933566
USP,rbf_svm,1.000000,1,43,3,0.842105,0.825031,0.795516
USP,rbf_svm,1.000000,10,43,3,0.500000,0.365100,0.325234
USP,rbf_svm,10.000000,0.001,43,3,0.894737,0.917754,0.868626
USP,rbf_svm,10.000000,0.01,43,3,0.973684,0.978408,0.966957
USP,rbf_svm,10.000000,0.1,43,3,0.973684,0.978408,0.966957
USP,rbf_svm,10.000000,1,43,3,0.868421,0.852381,0.830206
USP,rbf_svm,10.000000,10,43,3,0.473684,0.296296,0.285714
USP,rbf_svm,100.000000,0.001,43,3,0.973684,0.978408,0.966957
USP,rbf_svm,100.000000,0.01,43,3,0.973684,0.978408,0.966957
USP,rbf_svm,100.000000,0.1,43,3,0.973684,0.978408,0.966957
USP,rbf_svm,100.000000,1,43,3,0.868421,0.852381,0.830206
USP,rbf_svm,100.000000,10,43,3,0.473684,0.296296,0.285714
SNV,svm,0.010000,scale,43,3,0.815789,0.769096,0.770095
SNV,svm,0.100000,scale,43,3,0.894737,0.910800,0.869528
SNV,svm,1.000000,scale,43,3,0.921053,0.941938,0.901299
SNV,svm,10.000000,scale,43,3,0.894737,0.920071,0.867826
SNV,svm,100.000000,scale,43,3,0.894737,0.920071,0.867826
SNV,rbf_svm,0.100000,0.001,43,3,0.078947,0.024390,0.000000
SNV,rbf_svm,0.100000,0.01,43,3,0.078947,0.024390,0.000000
SNV,rbf_svm,0.100000,0.1,43,3,0.552632,0.613445,0.486894
SNV,rbf_svm,0.100000,1,43,3,0.078947,0.024390,0.000000
SNV,rbf_svm,0.100000,10,43,3,0.078947,0.024390,0.000000
SNV,rbf_svm,1.000000,0.001,43,3,0.342105,0.200758,0.126838
SNV,rbf_svm,1.000000,0.01,43,3,0.868421,0.879365,0.836066
SNV,rbf_svm,1.000000,0.1,43,3,0.973684,0.983982,0.966812
SNV,rbf_svm,1.000000,1,43,3,0.526316,0.532143,0.364312
SNV,rbf_svm,1.000000,10,43,3,0.263158,0.069444,0.000000
SNV,rbf_svm,10.000000,0.001,43,3,0.842105,0.855820,0.804460
SNV,rbf_svm,10.000000,0.01,43,3,0.947368,0.957672,0.934142
SNV,rbf_svm,10.000000,0.1,43,3,0.973684,0.983982,0.966812
SNV,rbf_svm,10.000000,1,43,3,0.578947,0.594049,0.438078
SNV,rbf_svm,10.000000,10,43,3,0.289474,0.074830,0.000000
SNV,rbf_svm,100.000000,0.001,43,3,0.894737,0.921693,0.868852
SNV,rbf_svm,100.000000,0.01,43,3,0.947368,0.968182,0.933682
SNV,rbf_svm,100.000000,0.1,43,3,0.973684,0.983982,0.966812
SNV,rbf_svm,100.000000,1,43,3,0.578947,0.594049,0.438078
SNV,rbf_svm,100.000000,10,43,3,0.289474,0.074830,0.000000
USP,svm,0.010000,scale,43,4,0.868421,0.894403,0.835212
USP,svm,0.100000,scale,43,4,0.973684,0.968944,0.966637
USP,svm,1.000000,scale,43,4,1.000000,1.000000,1.000000
USP,svm,10.000000,scale,43,4,1.000000,1.000000,1.000000
USP,svm,100.000000,scale,43,4,1.000000,1.000000,1.000000
USP,rbf_svm,0.100000,0.001,43,4,0.315789,0.160714,0.194127
USP,rbf_svm,0.100000,0.01,43,4,0.394737,0.225427,0.269231
USP,rbf_svm,0.100000,0.1,43,4,0.868421,0.880999,0.830810
USP,rbf_svm,0.100000,1,43,4,0.368421,0.246377,0.131429
USP,rbf_svm,0.100000,10,43,4,0.289474,0.074830,0.000000
USP,rbf_svm,1.000000,0.001,43,4,0.552632,0.372893,0.401297
USP,rbf_svm,1.000000,0.01,43,4,0.894737,0.913306,0.867596
USP,rbf_svm,1.000000,0.1,43,4,0.947368,0.953530,0.933216
USP,rbf_svm,1.000000,1,43,4,0.868421,0.879910,0.831111
USP,rbf_svm,1.000000,10,43,4,0.552632,0.497192,0.393996
USP,rbf_svm,10.000000,0.001,43,4,0.894737,0.913306,0.867596
USP,rbf_svm,10.000000,0.01,43,4,0.973684,0.968944,0.966637
USP,rbf_svm,10.000000,0.1,43,4,0.947368,0.953530,0.933216
USP,rbf_svm,10.000000,1,43,4,0.894737,0.894880,0.865009
USP,rbf_svm,10.000000,10,43,4,0.605263,0.491692,0.464286
USP,rbf_svm,100.000000,0.001,43,4,1.000000,1.000000,1.000000
USP,rbf_svm,100.000000,0.01,43,4,1.000000,1.000000,1.000000
USP,rbf_svm,100.000000,0.1,43,4,0.947368,0.953530,0.933216
USP,rbf_svm,100.000000,1,43,4,0.894737,0.894880,0.865009
USP,rbf_svm,100.000000,10,43,4,0.605263,0.491692,0.464286
SNV,svm,0.010000,scale,43,4,0.921053,0.919087,0.900783
SNV,svm,0.100000,scale,43,4,0.973684,0.972710,0.967014
SNV,svm,1.000000,scale,43,4,0.947368,0.950312,0.933740
SNV,svm,10.000000,scale,43,4,0.921053,0.902693,0.900697
SNV,svm,100.000000,scale,43,4,0.921053,0.902693,0.900697
SNV,rbf_svm,0.100000,0.001,43,4,0.368421,0.196382,0.150838
SNV,rbf_svm,0.100000,0.01,43,4,0.368421,0.208333,0.144465
SNV,rbf_svm,0.100000,0.1,43,4,0.789474,0.788536,0.727354
SNV,rbf_svm,0.100000,1,43,4,0.368421,0.246377,0.131429
SNV,rbf_svm,0.100000,10,43,4,0.289474,0.074830,0.000000
SNV,rbf_svm,1.000000,0.001,43,4,0.289474,0.074830,0.000000
SNV,rbf_svm,1.000000,0.01,43,4,0.973684,0.968944,0.966637
SNV,rbf_svm,1.000000,0.1,43,4,0.894737,0.907937,0.866197
SNV,rbf_svm,1.000000,1,43,4,0.631579,0.492484,0.506951
SNV,rbf_svm,1.000000,10,43,4,0.289474,0.074830,0.000000
SNV,rbf_svm,10.000000,0.001,43,4,0.894737,0.878704,0.867133
SNV,rbf_svm,10.000000,0.01,43,4,0.973684,0.968944,0.966637
SNV,rbf_svm,10.000000,0.1,43,4,0.947368,0.937229,0.932981
SNV,rbf_svm,10.000000,1,43,4,0.684211,0.515278,0.576602
SNV,rbf_svm,10.000000,10,43,4,0.342105,0.145503,0.104618
SNV,rbf_svm,100.000000,0.001,43,4,0.973684,0.972710,0.967014
SNV,rbf_svm,100.000000,0.01,43,4,0.973684,0.968944,0.966637
SNV,rbf_svm,100.000000,0.1,43,4,0.947368,0.937229,0.932981
SNV,rbf_svm,100.000000,1,43,4,0.684211,0.515278,0.576602
SNV,rbf_svm,100.000000,10,43,4,0.342105,0.145503,0.104618
USP,svm,0.010000,scale,44,0,0.871795,0.827638,0.835443
USP,svm,0.100000,scale,44,0,0.974359,0.957672,0.967554
USP,svm,1.000000,scale,44,0,0.948718,0.917092,0.934673
USP,svm,10.000000,scale,44,0,0.948718,0.933655,0.934233
USP,svm,100.000000,scale,44,0,0.948718,0.933655,0.934233
USP,rbf_svm,0.100000,0.001,44,0,0.076923,0.023810,0.000000
USP,rbf_svm,0.100000,0.01,44,0,0.358974,0.251905,0.254587
USP,rbf_svm,0.100000,0.1,44,0,0.717949,0.726190,0.654311
USP,rbf_svm,0.100000,1,44,0,0.128205,0.139683,0.043290
USP,rbf_svm,0.100000,10,44,0,0.076923,0.023810,0.000000
USP,rbf_svm,1.000000,0.001,44,0,0.179487,0.108333,0.078287
USP,rbf_svm,1.000000,0.01,44,0,0.897436,0.866631,0.869237
USP,rbf_svm,1.000000,0.1,44,0,0.923077,0.887302,0.901515
USP,rbf_svm,1.000000,1,44,0,0.820513,0.823190,0.766467
USP,rbf_svm,1.000000,10,44,0,0.512821,0.407883,0.338983
USP,rbf_svm,10.000000,0.001,44,0,0.923077,0.906552,0.902581
USP,rbf_svm,10.000000,0.01,44,0,0.923077,0.886698,0.901515
USP,rbf_svm,10.000000,0.1,44,0,0.923077,0.905000,0.900847
USP,rbf_svm,10.000000,1,44,0,0.871795,0.849222,0.833191
USP,rbf_svm,10.000000,10,44,0,0.538462,0.387963,0.370968
USP,rbf_svm,100.000000,0.001,44,0,0.948718,0.917092,0.934673
USP,rbf_svm,100.000000,0.01,44,0,0.948718,0.934259,0.934233
USP,rbf_svm,100.000000,0.1,44,0,0.923077,0.905000,0.900847
USP,rbf_svm,100.000000,1,44,0,0.871795,0.849222,0.833191
USP,rbf_svm,100.000000,10,44,0,0.538462,0.387963,0.370968
SNV,svm,0.010000,scale,44,0,0.923077,0.905361,0.902256
SNV,svm,0.100000,scale,44,0,0.948718,0.938663,0.934837
SNV,svm,1.000000,scale,44,0,0.948718,0.938663,0.934837
SNV,svm,10.000000,scale,44,0,0.923077,0.930000,0.901846
SNV,svm,100.000000,scale,44,0,0.923077,0.930000,0.901846
SNV,rbf_svm,0.100000,0.001,44,0,0.076923,0.023810,0.000000
SNV,rbf_svm,0.100000,0.01,44,0,0.076923,0.023810,0.000000
SNV,rbf_svm,0.100000,0.1,44,0,0.461538,0.485551,0.382353
SNV,rbf_svm,0.100000,1,44,0,0.076923,0.023810,0.000000
SNV,rbf_svm,0.100000,10,44,0,0.076923,0.023810,0.000000
SNV,rbf_svm,1.000000,0.001,44,0,0.076923,0.024390,-0.002141
SNV,rbf_svm,1.000000,0.01,44,0,0.897436,0.865972,0.869237
SNV,rbf_svm,1.000000,0.1,44,0,0.871795,0.877469,0.834746
SNV,rbf_svm,1.000000,1,44,0,0.589744,0.512563,0.448763
SNV,rbf_svm,1.000000,10,44,0,0.282051,0.073333,0.000000
SNV,rbf_svm,10.000000,0.001,44,0,0.923077,0.912930,0.901763
SNV,rbf_svm,10.000000,0.01,44,0,0.974359,0.959420,0.967282
SNV,rbf_svm,10.000000,0.1,44,0,0.871795,0.877469,0.834746
SNV,rbf_svm,10.000000,1,44,0,0.589744,0.512563,0.448763
SNV,rbf_svm,10.000000,10,44,0,0.333333,0.127671,0.071429
SNV,rbf_svm,100.000000,0.001,44,0,0.948718,0.938663,0.934837
SNV,rbf_svm,100.000000,0.01,44,0,0.948718,0.933655,0.934233
SNV,rbf_svm,100.000000,0.1,44,0,0.871795,0.877469,0.834746
SNV,rbf_svm,100.000000,1,44,0,0.589744,0.512563,0.448763
SNV,rbf_svm,100.000000,10,44,0,0.333333,0.127671,0.071429
USP,svm,0.010000,scale,44,1,0.923077,0.917092,0.903624
USP,svm,0.100000,scale,44,1,1.000000,1.000000,1.000000
USP,svm,1.000000,scale,44,1,1.000000,1.000000,1.000000
USP,svm,10.000000,scale,44,1,1.000000,1.000000,1.000000
USP,svm,100.000000,scale,44,1,1.000000,1.000000,1.000000
USP,rbf_svm,0.100000,0.001,44,1,0.076923,0.023810,0.000000
USP,rbf_svm,0.100000,0.01,44,1,0.358974,0.270955,0.266917
USP,rbf_svm,0.100000,0.1,44,1,0.923077,0.914957,0.904098
USP,rbf_svm,0.100000,1,44,1,0.435897,0.445820,0.346037
USP,rbf_svm,0.100000,10,44,1,0.076923,0.023810,0.000000
USP,rbf_svm,1.000000,0.001,44,1,0.333333,0.310684,0.231236
USP,rbf_svm,1.000000,0.01,44,1,0.948718,0.957672,0.936170
USP,rbf_svm,1.000000,0.1,44,1,1.000000,1.000000,1.000000
USP,rbf_svm,1.000000,1,44,1,0.846154,0.839641,0.803030
USP,rbf_svm,1.000000,10,44,1,0.358974,0.268519,0.148472
USP,rbf_svm,10.000000,0.001,44,1,0.948718,0.957672,0.936170
USP,rbf_svm,10.000000,0.01,44,1,1.000000,1.000000,1.000000
USP,rbf_svm,10.000000,0.1,44,1,1.000000,1.000000,1.000000
USP,rbf_svm,10.000000,1,44,1,0.846154,0.839641,0.803030
USP,rbf_svm,10.000000,10,44,1,0.487179,0.343915,0.312775
USP,rbf_svm,100.000000,0.001,44,1,1.000000,1.000000,1.000000
USP,rbf_svm,100.000000,0.01,44,1,1.000000,1.000000,1.000000
USP,rbf_svm,100.000000,0.1,44,1,1.000000,1.000000,1.000000
USP,rbf_svm,100.000000,1,44,1,0.846154,0.839641,0.803030
USP,rbf_svm,100.000000,10,44,1,0.487179,0.343915,0.312775
SNV,svm,0.010000,scale,44,1,0.923077,0.931624,0.903545
SNV,svm,0.100000,scale,44,1,0.948718,0.955320,0.936275
SNV,svm,1.000000,scale,44,1,0.974359,0.976912,0.968033
SNV,svm,10.000000,scale,44,1,0.974359,0.976912,0.968033
SNV,svm,100.000000,scale,44,1,0.974359,0.976912,0.968033
SNV,rbf_svm,0.100000,0.001,44,1,0.076923,0.023810,0.000000
SNV,rbf_svm,0.100000,0.01,44,1,0.076923,0.023810,0.000000
SNV,rbf_svm,0.100000,0.1,44,1,0.564103,0.586118,0.495050
SNV,rbf_svm,0.100000,1,44,1,0.076923,0.023810,0.000000
SNV,rbf_svm,0.100000,10,44,1,0.076923,0.023810,0.000000
SNV,rbf_svm,1.000000,0.001,44,1,0.256410,0.068027,0.000000
SNV,rbf_svm,1.000000,0.01,44,1,0.948718,0.962576,0.936013
SNV,rbf_svm,1.000000,0.1,44,1,1.000000,1.000000,1.000000
SNV,rbf_svm,1.000000,1,44,1,0.717949,0.582426,0.625328
SNV,rbf_svm,1.000000,10,44,1,0.256410,0.068027,0.000000
SNV,rbf_svm,10.000000,0.001,44,1,0.948718,0.962576,0.936013
SNV,rbf_svm,10.000000,0.01,44,1,0.974359,0.976912,0.968033
SNV,rbf_svm,10.000000,0.1,44,1,1.000000,1.000000,1.000000
SNV,rbf_svm,10.000000,1,44,1,0.743590,0.594670,0.659686
SNV,rbf_svm,10.000000,10,44,1,0.384615,0.174948,0.145985
SNV,rbf_svm,100.000000,0.001,44,1,0.948718,0.955320,0.936275
SNV,rbf_svm,100.000000,0.01,44,1,0.974359,0.976912,0.968033
SNV,rbf_svm,100.000000,0.1,44,1,1.000000,1.000000,1.000000
SNV,rbf_svm,100.000000,1,44,1,0.743590,0.594670,0.659686
SNV,rbf_svm,100.000000,10,44,1,0.384615,0.174948,0.145985
USP,svm,0.010000,scale,44,2,0.948718,0.959482,0.936222
USP,svm,0.100000,scale,44,2,0.974359,0.979243,0.968007
USP,svm,1.000000,scale,44,2,0.974359,0.979243,0.968007
USP,svm,10.000000,scale,44,2,0.974359,0.979243,0.968007
USP,svm,100.000000,scale,44,2,0.974359,0.979243,0.968007
USP,rbf_svm,0.100000,0.001,44,2,0.076923,0.023810,0.000000
USP,rbf_svm,0.100000,0.01,44,2,0.358974,0.253718,0.260804
USP,rbf_svm,0.100000,0.1,44,2,0.974359,0.979243,0.968007
USP,rbf_svm,0.100000,1,44,2,0.538462,0.536634,0.434327
USP,rbf_svm,0.100000,10,44,2,0.076923,0.023810,0.000000
USP,rbf_svm,1.000000,0.001,44,2,0.358974,0.267657,0.252301
USP,rbf_svm,1.000000,0.01,44,2,0.974359,0.979243,0.968007
USP,rbf_svm,1.000000,0.1,44,2,0.974359,0.979243,0.968007
USP,rbf_svm,1.000000,1,44,2,0.846154,0.855718,0.803691
USP,rbf_svm,1.000000,10,44,2,0.358974,0.193122,0.138693
USP,rbf_svm,10.000000,0.001,44,2,0.974359,0.979243,0.968007
USP,rbf_svm,10.000000,0.01,44,2,0.974359,0.979243,0.968007
USP,rbf_svm,10.000000,0.1,44,2,0.974359,0.979243,0.968007
USP,rbf_svm,10.000000,1,44,2,0.846154,0.855718,0.803691
USP,rbf_svm,10.000000,10,44,2,0.410256,0.229305,0.206195
USP,rbf_svm,100.000000,0.001,44,2,0.974359,0.979243,0.968007
USP,rbf_svm,100.000000,0.01,44,2,0.974359,0.979243,0.968007
USP,rbf_svm,100.000000,0.1,44,2,0.974359,0.979243,0.968007
USP,rbf_svm,100.000000,1,44,2,0.846154,0.855718,0.803691
USP,rbf_svm,100.000000,10,44,2,0.410256,0.229305,0.206195
SNV,svm,0.010000,scale,44,2,0.948718,0.952788,0.935750
SNV,svm,0.100000,scale,44,2,0.897436,0.883211,0.872236
SNV,svm,1.000000,scale,44,2,0.897436,0.883211,0.872236
SNV,svm,10.000000,scale,44,2,0.897436,0.883211,0.872236
SNV,svm,100.000000,scale,44,2,0.897436,0.883211,0.872236
SNV,rbf_svm,0.100000,0.001,44,2,0.076923,0.023810,0.000000
SNV,rbf_svm,0.100000,0.01,44,2,0.076923,0.023810,0.000000
SNV,rbf_svm,0.100000,0.1,44,2,0.538462,0.564069,0.464531
SNV,rbf_svm,0.100000,1,44,2,0.076923,0.023810,0.000000
SNV,rbf_svm,0.100000,10,44,2,0.076923,0.023810,0.000000
SNV,rbf_svm,1.000000,0.001,44,2,0.256410,0.068027,0.000000
SNV,rbf_svm,1.000000,0.01,44,2,0.948718,0.952788,0.935750
SNV,rbf_svm,1.000000,0.1,44,2,0.923077,0.936843,0.903545
SNV,rbf_svm,1.000000,1,44,2,0.487179,0.361111,0.302326
SNV,rbf_svm,1.000000,10,44,2,0.256410,0.068027,0.000000
SNV,rbf_svm,10.000000,0.001,44,2,0.948718,0.952788,0.935750
SNV,rbf_svm,10.000000,0.01,44,2,0.923077,0.905830,0.903783
SNV,rbf_svm,10.000000,0.1,44,2,0.923077,0.936843,0.903545
SNV,rbf_svm,10.000000,1,44,2,0.512821,0.379113,0.337802
SNV,rbf_svm,10.000000,10,44,2,0.358974,0.154937,0.109589
SNV,rbf_svm,100.000000,0.001,44,2,0.897436,0.883211,0.872236
SNV,rbf_svm,100.000000,0.01,44,2,0.923077,0.905830,0.903783
SNV,rbf_svm,100.000000,0.1,44,2,0.923077,0.936843,0.903545
SNV,rbf_svm,100.000000,1,44,2,0.512821,0.379113,0.337802
SNV,rbf_svm,100.000000,10,44,2,0.358974,0.154937,0.109589
USP,svm,0.010000,scale,44,3,0.894737,0.897176,0.869974
USP,svm,0.100000,scale,44,3,0.947368,0.944851,0.934313
USP,svm,1.000000,scale,44,3,0.947368,0.944851,0.934313
USP,svm,10.000000,scale,44,3,0.947368,0.944851,0.934313
USP,svm,100.000000,scale,44,3,0.947368,0.944851,0.934313
USP,rbf_svm,0.100000,0.001,44,3,0.078947,0.024390,0.000000
USP,rbf_svm,0.100000,0.01,44,3,0.394737,0.290980,0.303030
USP,rbf_svm,0.100000,0.1,44,3,0.894737,0.896514,0.869863
USP,rbf_svm,0.100000,1,44,3,0.368421,0.409940,0.256117
USP,rbf_svm,0.100000,10,44,3,0.078947,0.024390,0.000000
USP,rbf_svm,1.000000,0.001,44,3,0.289474,0.214815,0.176565
USP,rbf_svm,1.000000,0.01,44,3,0.894737,0.897176,0.869974
USP,rbf_svm,1.000000,0.1,44,3,0.947368,0.944851,0.934313
USP,rbf_svm,1.000000,1,44,3,0.921053,0.931363,0.899736
USP,rbf_svm,1.000000,10,44,3,0.552632,0.424885,0.399070
USP,rbf_svm,10.000000,0.001,44,3,0.894737,0.897176,0.869974
USP,rbf_svm,10.000000,0.01,44,3,0.947368,0.944851,0.934313
USP,rbf_svm,10.000000,0.1,44,3,0.921053,0.934409,0.901469
USP,rbf_svm,10.000000,1,44,3,0.921053,0.931363,0.899736
USP,rbf_svm,10.000000,10,44,3,0.552632,0.424885,0.399070
USP,rbf_svm,100.000000,0.001,44,3,0.947368,0.944851,0.934313
USP,rbf_svm,100.000000,0.01,44,3,0.947368,0.944851,0.934313
USP,rbf_svm,100.000000,0.1,44,3,0.921053,0.934409,0.901469
USP,rbf_svm,100.000000,1,44,3,0.921053,0.931363,0.899736
USP,rbf_svm,100.000000,10,44,3,0.552632,0.424885,0.399070
SNV,svm,0.010000,scale,44,3,0.894737,0.887451,0.868852
SNV,svm,0.100000,scale,44,3,0.947368,0.957672,0.934142
SNV,svm,1.000000,scale,44,3,0.947368,0.944851,0.934313
SNV,svm,10.000000,scale,44,3,0.894737,0.904339,0.866900
SNV,svm,100.000000,scale,44,3,0.894737,0.904339,0.866900
SNV,rbf_svm,0.100000,0.001,44,3,0.078947,0.024390,0.000000
SNV,rbf_svm,0.100000,0.01,44,3,0.078947,0.024390,0.000000
SNV,rbf_svm,0.100000,0.1,44,3,0.605263,0.684940,0.544000
SNV,rbf_svm,0.100000,1,44,3,0.078947,0.024390,0.000000
SNV,rbf_svm,0.100000,10,44,3,0.078947,0.024390,0.000000
SNV,rbf_svm,1.000000,0.001,44,3,0.342105,0.200758,0.126838
SNV,rbf_svm,1.000000,0.01,44,3,0.921053,0.918396,0.902062
SNV,rbf_svm,1.000000,0.1,44,3,0.947368,0.967593,0.933566
SNV,rbf_svm,1.000000,1,44,3,0.657895,0.664286,0.546373
SNV,rbf_svm,1.000000,10,44,3,0.263158,0.069444,0.000000
SNV,rbf_svm,10.000000,0.001,44,3,0.921053,0.918396,0.902062
SNV,rbf_svm,10.000000,0.01,44,3,0.921053,0.919058,0.902146
SNV,rbf_svm,10.000000,0.1,44,3,0.947368,0.967593,0.933566
SNV,rbf_svm,10.000000,1,44,3,0.684211,0.681256,0.581651
SNV,rbf_svm,10.000000,10,44,3,0.342105,0.133570,0.075875
SNV,rbf_svm,100.000000,0.001,44,3,0.921053,0.919058,0.902146
SNV,rbf_svm,100.000000,0.01,44,3,0.921053,0.941224,0.900956
SNV,rbf_svm,100.000000,0.1,44,3,0.921053,0.946330,0.899912
SNV,rbf_svm,100.000000,1,44,3,0.684211,0.681256,0.581651
SNV,rbf_svm,100.000000,10,44,3,0.342105,0.133570,0.075875
USP,svm,0.010000,scale,44,4,0.763158,0.739087,0.704663
USP,svm,0.100000,scale,44,4,0.947368,0.951994,0.934370
USP,svm,1.000000,scale,44,4,1.000000,1.000000,1.000000
USP,svm,10.000000,scale,44,4,1.000000,1.000000,1.000000
USP,svm,100.000000,scale,44,4,1.000000,1.000000,1.000000
USP,rbf_svm,0.100000,0.001,44,4,0.263158,0.139394,0.143317
USP,rbf_svm,0.100000,0.01,44,4,0.315789,0.194042,0.190164
USP,rbf_svm,0.100000,0.1,44,4,0.868421,0.876509,0.835355
USP,rbf_svm,0.100000,1,44,4,0.368421,0.246377,0.131429
USP,rbf_svm,0.100000,10,44,4,0.342105,0.211348,0.088292
USP,rbf_svm,1.000000,0.001,44,4,0.526316,0.357128,0.378182
USP,rbf_svm,1.000000,0.01,44,4,0.868421,0.882233,0.836207
USP,rbf_svm,1.000000,0.1,44,4,0.947368,0.941654,0.933624
USP,rbf_svm,1.000000,1,44,4,0.868421,0.887847,0.831111
USP,rbf_svm,1.000000,10,44,4,0.447368,0.362194,0.241445
USP,rbf_svm,10.000000,0.001,44,4,0.842105,0.841534,0.805295
USP,rbf_svm,10.000000,0.01,44,4,0.921053,0.913370,0.901554
USP,rbf_svm,10.000000,0.1,44,4,0.921053,0.918607,0.900088
USP,rbf_svm,10.000000,1,44,4,0.894737,0.902816,0.865009
USP,rbf_svm,10.000000,10,44,4,0.526316,0.416667,0.351659
USP,rbf_svm,100.000000,0.001,44,4,0.947368,0.934921,0.934085
USP,rbf_svm,100.000000,0.01,44,4,1.000000,1.000000,1.000000
USP,rbf_svm,100.000000,0.1,44,4,0.921053,0.918607,0.900088
USP,rbf_svm,100.000000,1,44,4,0.894737,0.902816,0.865009
USP,rbf_svm,100.000000,10,44,4,0.526316,0.416667,0.351659
SNV,svm,0.010000,scale,44,4,0.868421,0.894927,0.836910
SNV,svm,0.100000,scale,44,4,0.921053,0.942857,0.901384
SNV,svm,1.000000,scale,44,4,0.921053,0.942857,0.901384
SNV,svm,10.000000,scale,44,4,0.973684,0.973545,0.967042
SNV,svm,100.000000,scale,44,4,0.973684,0.973545,0.967042
SNV,rbf_svm,0.100000,0.001,44,4,0.368421,0.196382,0.150838
SNV,rbf_svm,0.100000,0.01,44,4,0.368421,0.196382,0.150838
SNV,rbf_svm,0.100000,0.1,44,4,0.789474,0.785990,0.726864
SNV,rbf_svm,0.100000,1,44,4,0.315789,0.181250,0.214626
SNV,rbf_svm,0.100000,10,44,4,0.289474,0.074830,0.000000
SNV,rbf_svm,1.000000,0.001,44,4,0.289474,0.074830,0.000000
SNV,rbf_svm,1.000000,0.01,44,4,0.894737,0.914690,0.869191
SNV,rbf_svm,1.000000,0.1,44,4,0.947368,0.953102,0.933392
SNV,rbf_svm,1.000000,1,44,4,0.578947,0.515795,0.441690
SNV,rbf_svm,1.000000,10,44,4,0.289474,0.074830,0.000000
SNV,rbf_svm,10.000000,0.001,44,4,0.921053,0.942520,0.901213
SNV,rbf_svm,10.000000,0.01,44,4,0.921053,0.942857,0.901384
SNV,rbf_svm,10.000000,0.1,44,4,0.947368,0.953102,0.933392
SNV,rbf_svm,10.000000,1,44,4,0.631579,0.543946,0.510580
SNV,rbf_svm,10.000000,10,44,4,0.368421,0.164646,0.139623
SNV,rbf_svm,100.000000,0.001,44,4,0.921053,0.942857,0.901384
SNV,rbf_svm,100.000000,0.01,44,4,0.973684,0.984127,0.966870
SNV,rbf_svm,100.000000,0.1,44,4,0.947368,0.953102,0.933392
SNV,rbf_svm,100.000000,1,44,4,0.631579,0.543946,0.510580
SNV,rbf_svm,100.000000,10,44,4,0.368421,0.164646,0.139623
USP,svm,0.010000,scale,45,0,0.897436,0.883067,0.871181
USP,svm,0.100000,scale,45,0,1.000000,1.000000,1.000000
USP,svm,1.000000,scale,45,0,1.000000,1.000000,1.000000
USP,svm,10.000000,scale,45,0,1.000000,1.000000,1.000000
USP,svm,100.000000,scale,45,0,1.000000,1.000000,1.000000
USP,rbf_svm,0.100000,0.001,45,0,0.076923,0.023810,0.000000
USP,rbf_svm,0.100000,0.01,45,0,0.435897,0.306235,0.337452
USP,rbf_svm,0.100000,0.1,45,0,0.897436,0.909524,0.872445
USP,rbf_svm,0.100000,1,45,0,0.307692,0.224790,0.209459
USP,rbf_svm,0.100000,10,45,0,0.076923,0.023810,0.000000
USP,rbf_svm,1.000000,0.001,45,0,0.205128,0.116402,0.110375
USP,rbf_svm,1.000000,0.01,45,0,0.923077,0.940282,0.903386
USP,rbf_svm,1.000000,0.1,45,0,0.974359,0.984817,0.967500
USP,rbf_svm,1.000000,1,45,0,0.820513,0.848269,0.767857
USP,rbf_svm,1.000000,10,45,0,0.435897,0.270833,0.220000
USP,rbf_svm,10.000000,0.001,45,0,0.923077,0.940282,0.903386
USP,rbf_svm,10.000000,0.01,45,0,1.000000,1.000000,1.000000
USP,rbf_svm,10.000000,0.1,45,0,0.948718,0.962451,0.934728
USP,rbf_svm,10.000000,1,45,0,0.871795,0.876014,0.834184
USP,rbf_svm,10.000000,10,45,0,0.461538,0.286252,0.255455
USP,rbf_svm,100.000000,0.001,45,0,1.000000,1.000000,1.000000
USP,rbf_svm,100.000000,0.01,45,0,1.000000,1.000000,1.000000
USP,rbf_svm,100.000000,0.1,45,0,0.948718,0.962451,0.934728
USP,rbf_svm,100.000000,1,45,0,0.871795,0.876014,0.834184
USP,rbf_svm,100.000000,10,45,0,0.461538,0.286252,0.255455
SNV,svm,0.010000,scale,45,0,0.923077,0.927778,0.903941
SNV,svm,0.100000,scale,45,0,0.923077,0.927778,0.903941
SNV,svm,1.000000,scale,45,0,0.871795,0.870437,0.841721
SNV,svm,10.000000,scale,45,0,0.897436,0.895277,0.872236
SNV,svm,100.000000,scale,45,0,0.897436,0.895277,0.872236
SNV,rbf_svm,0.100000,0.001,45,0,0.076923,0.023810,0.000000
SNV,rbf_svm,0.100000,0.01,45,0,0.076923,0.023810,0.000000
SNV,rbf_svm,0.100000,0.1,45,0,0.564103,0.606176,0.495434
SNV,rbf_svm,0.100000,1,45,0,0.076923,0.023810,0.000000
SNV,rbf_svm,0.100000,10,45,0,0.076923,0.023810,0.000000
SNV,rbf_svm,1.000000,0.001,45,0,0.076923,0.024390,-0.002141
SNV,rbf_svm,1.000000,0.01,45,0,0.948718,0.960317,0.935537
SNV,rbf_svm,1.000000,0.1,45,0,0.974359,0.984817,0.967500
SNV,rbf_svm,1.000000,1,45,0,0.641026,0.550926,0.518094
SNV,rbf_svm,1.000000,10,45,0,0.282051,0.073333,0.000000
SNV,rbf_svm,10.000000,0.001,45,0,0.948718,0.960317,0.935537
SNV,rbf_svm,10.000000,0.01,45,0,0.974359,0.979243,0.967635
SNV,rbf_svm,10.000000,0.1,45,0,0.974359,0.984817,0.967500
SNV,rbf_svm,10.000000,1,45,0,0.666667,0.564557,0.552515
SNV,rbf_svm,10.000000,10,45,0,0.358974,0.149443,0.107143
SNV,rbf_svm,100.000000,0.001,45,0,0.923077,0.927778,0.903941
SNV,rbf_svm,100.000000,0.01,45,0,0.974359,0.979243,0.967635
SNV,rbf_svm,100.000000,0.1,45,0,0.974359,0.984817,0.967500
SNV,rbf_svm,100.000000,1,45,0,0.666667,0.564557,0.552515
SNV,rbf_svm,100.000000,10,45,0,0.358974,0.149443,0.107143
USP,svm,0.010000,scale,45,1,0.897436,0.922103,0.872757
USP,svm,0.100000,scale,45,1,0.923077,0.940212,0.904645
USP,svm,1.000000,scale,45,1,0.948718,0.959482,0.936222
USP,svm,10.000000,scale,45,1,0.948718,0.959482,0.936222
USP,svm,100.000000,scale,45,1,0.948718,0.959482,0.936222
USP,rbf_svm,0.100000,0.001,45,1,0.076923,0.023810,0.000000
USP,rbf_svm,0.100000,0.01,45,1,0.307692,0.237037,0.214765
USP,rbf_svm,0.100000,0.1,45,1,0.871795,0.881627,0.842742
USP,rbf_svm,0.100000,1,45,1,0.487179,0.469444,0.402299
USP,rbf_svm,0.100000,10,45,1,0.076923,0.023810,0.000000
USP,rbf_svm,1.000000,0.001,45,1,0.282051,0.183862,0.171472
USP,rbf_svm,1.000000,0.01,45,1,0.923077,0.940212,0.904645
USP,rbf_svm,1.000000,0.1,45,1,0.948718,0.959482,0.936222
USP,rbf_svm,1.000000,1,45,1,0.923077,0.946443,0.903465
USP,rbf_svm,1.000000,10,45,1,0.461538,0.417809,0.288445
USP,rbf_svm,10.000000,0.001,45,1,0.923077,0.940212,0.904645
USP,rbf_svm,10.000000,0.01,45,1,0.948718,0.959482,0.936222
USP,rbf_svm,10.000000,0.1,45,1,0.948718,0.959482,0.936222
USP,rbf_svm,10.000000,1,45,1,0.923077,0.946443,0.903465
USP,rbf_svm,10.000000,10,45,1,0.564103,0.478060,0.421970
USP,rbf_svm,100.000000,0.001,45,1,0.948718,0.959482,0.936222
USP,rbf_svm,100.000000,0.01,45,1,0.948718,0.959482,0.936222
USP,rbf_svm,100.000000,0.1,45,1,0.948718,0.959482,0.936222
USP,rbf_svm,100.000000,1,45,1,0.923077,0.946443,0.903465
USP,rbf_svm,100.000000,10,45,1,0.564103,0.478060,0.421970
SNV,svm,0.010000,scale,45,1,0.871795,0.894055,0.842615
SNV,svm,0.100000,scale,45,1,0.897436,0.916330,0.873479
SNV,svm,1.000000,scale,45,1,0.923077,0.935600,0.904801
SNV,svm,10.000000,scale,45,1,0.923077,0.935600,0.904801
SNV,svm,100.000000,scale,45,1,0.923077,0.935600,0.904801
SNV,rbf_svm,0.100000,0.001,45,1,0.076923,0.023810,0.000000
SNV,rbf_svm,0.100000,0.01,45,1,0.076923,0.023810,0.000000
SNV,rbf_svm,0.100000,0.1,45,1,0.538462,0.580696,0.469789
SNV,rbf_svm,0.100000,1,45,1,0.076923,0.023810,0.000000
SNV,rbf_svm,0.100000,10,45,1,0.076923,0.023810,0.000000
SNV,rbf_svm,1.000000,0.001,45,1,0.256410,0.068027,0.000000
SNV,rbf_svm,1.000000,0.01,45,1,0.871795,0.894055,0.842615
SNV,rbf_svm,1.000000,0.1,45,1,0.948718,0.963256,0.935961
SNV,rbf_svm,1.000000,1,45,1,0.564103,0.533700,0.415344
SNV,rbf_svm,1.000000,10,45,1,0.256410,0.068027,0.000000
SNV,rbf_svm,10.000000,0.001,45,1,0.897436,0.916330,0.873479
SNV,rbf_svm,10.000000,0.01,45,1,0.923077,0.935600,0.904801
SNV,rbf_svm,10.000000,0.1,45,1,0.948718,0.963256,0.935961
SNV,rbf_svm,10.000000,1,45,1,0.615385,0.564925,0.485035
SNV,rbf_svm,10.000000,10,45,1,0.307692,0.105133,0.036597
SNV,rbf_svm,100.000000,0.001,45,1,0.923077,0.935600,0.904801
SNV,rbf_svm,100.000000,0.01,45,1,0.923077,0.939447,0.904412
SNV,rbf_svm,100.000000,0.1,45,1,0.948718,0.963256,0.935961
SNV,rbf_svm,100.000000,1,45,1,0.615385,0.564925,0.485035
SNV,rbf_svm,100.000000,10,45,1,0.307692,0.105133,0.036597
USP,svm,0.010000,scale,45,2,0.846154,0.838360,0.809911
USP,svm,0.100000,scale,45,2,0.948718,0.926587,0.935590
USP,svm,1.000000,scale,45,2,0.948718,0.926587,0.935590
USP,svm,10.000000,scale,45,2,0.948718,0.926587,0.935590
USP,svm,100.000000,scale,45,2,0.948718,0.926587,0.935590
USP,rbf_svm,0.100000,0.001,45,2,0.076923,0.023810,0.000000
USP,rbf_svm,0.100000,0.01,45,2,0.333333,0.246349,0.233560
USP,rbf_svm,0.100000,0.1,45,2,0.846154,0.835986,0.810219
USP,rbf_svm,0.100000,1,45,2,0.589744,0.589377,0.478697
USP,rbf_svm,0.100000,10,45,2,0.076923,0.023810,0.000000
USP,rbf_svm,1.000000,0.001,45,2,0.282051,0.224320,0.170843
USP,rbf_svm,1.000000,0.01,45,2,0.871795,0.858605,0.841076
USP,rbf_svm,1.000000,0.1,45,2,0.923077,0.900794,0.904020
USP,rbf_svm,1.000000,1,45,2,0.820513,0.835362,0.771165
USP,rbf_svm,1.000000,10,45,2,0.615385,0.541145,0.493068
USP,rbf_svm,10.000000,0.001,45,2,0.871795,0.858605,0.841076
USP,rbf_svm,10.000000,0.01,45,2,0.948718,0.926587,0.935590
USP,rbf_svm,10.000000,0.1,45,2,0.923077,0.911436,0.903465
USP,rbf_svm,10.000000,1,45,2,0.871795,0.872150,0.836957
USP,rbf_svm,10.000000,10,45,2,0.564103,0.472504,0.421466
USP,rbf_svm,100.000000,0.001,45,2,0.948718,0.926587,0.935590
USP,rbf_svm,100.000000,0.01,45,2,0.948718,0.926587,0.935590
USP,rbf_svm,100.000000,0.1,45,2,0.923077,0.911436,0.903465
USP,rbf_svm,100.000000,1,45,2,0.871795,0.872150,0.836957
USP,rbf_svm,100.000000,10,45,2,0.564103,0.472504,0.421466
SNV,svm,0.010000,scale,45,2,0.871795,0.817821,0.838308
SNV,svm,0.100000,scale,45,2,0.948718,0.931217,0.936222
SNV,svm,1.000000,scale,45,2,0.923077,0.893254,0.904412
SNV,svm,10.000000,scale,45,2,0.923077,0.893254,0.904412
SNV,svm,100.000000,scale,45,2,0.923077,0.893254,0.904412
SNV,rbf_svm,0.100000,0.001,45,2,0.076923,0.023810,0.000000
SNV,rbf_svm,0.100000,0.01,45,2,0.076923,0.023810,0.000000
SNV,rbf_svm,0.100000,0.1,45,2,0.538462,0.586528,0.470189
SNV,rbf_svm,0.100000,1,45,2,0.076923,0.023810,0.000000
SNV,rbf_svm,0.100000,10,45,2,0.076923,0.023810,0.000000
SNV,rbf_svm,1.000000,0.001,45,2,0.256410,0.068027,0.000000
SNV,rbf_svm,1.000000,0.01,45,2,0.923077,0.900794,0.904020
SNV,rbf_svm,1.000000,0.1,45,2,0.897436,0.914174,0.870000
SNV,rbf_svm,1.000000,1,45,2,0.692308,0.671732,0.596552
SNV,rbf_svm,1.000000,10,45,2,0.256410,0.068027,0.000000
SNV,rbf_svm,10.000000,0.001,45,2,0.923077,0.900794,0.904020
SNV,rbf_svm,10.000000,0.01,45,2,0.923077,0.911436,0.903465
SNV,rbf_svm,10.000000,0.1,45,2,0.948718,0.944444,0.935108
SNV,rbf_svm,10.000000,1,45,2,0.794872,0.737188,0.732877
SNV,rbf_svm,10.000000,10,45,2,0.384615,0.174948,0.145985
SNV,rbf_svm,100.000000,0.001,45,2,0.923077,0.900132,0.903941
SNV,rbf_svm,100.000000,0.01,45,2,0.923077,0.916727,0.903386
SNV,rbf_svm,100.000000,0.1,45,2,0.948718,0.944444,0.935108
SNV,rbf_svm,100.000000,1,45,2,0.794872,0.737188,0.732877
SNV,rbf_svm,100.000000,10,45,2,0.384615,0.174948,0.145985
USP,svm,0.010000,scale,45,3,0.894737,0.896675,0.867826
USP,svm,0.100000,scale,45,3,0.973684,0.972710,0.967014
USP,svm,1.000000,scale,45,3,1.000000,1.000000,1.000000
USP,svm,10.000000,scale,45,3,1.000000,1.000000,1.000000
USP,svm,100.000000,scale,45,3,1.000000,1.000000,1.000000
USP,rbf_svm,0.100000,0.001,45,3,0.078947,0.024390,0.000000
USP,rbf_svm,0.100000,0.01,45,3,0.368421,0.259165,0.269231
USP,rbf_svm,0.100000,0.1,45,3,0.868421,0.874074,0.836207
USP,rbf_svm,0.100000,1,45,3,0.263158,0.307987,0.160883
USP,rbf_svm,0.100000,10,45,3,0.078947,0.024390,0.000000
USP,rbf_svm,1.000000,0.001,45,3,0.315789,0.221070,0.201293
USP,rbf_svm,1.000000,0.01,45,3,0.921053,0.937255,0.901554
USP,rbf_svm,1.000000,0.1,45,3,1.000000,1.000000,1.000000
USP,rbf_svm,1.000000,1,45,3,0.894737,0.883333,0.865009
USP,rbf_svm,1.000000,10,45,3,0.368421,0.230519,0.146067
USP,rbf_svm,10.000000,0.001,45,3,0.921053,0.928260,0.901724
USP,rbf_svm,10.000000,0.01,45,3,0.973684,0.972710,0.967014
USP,rbf_svm,10.000000,0.1,45,3,1.000000,1.000000,1.000000
USP,rbf_svm,10.000000,1,45,3,0.894737,0.883333,0.865009
USP,rbf_svm,10.000000,10,45,3,0.473684,0.296296,0.285714
USP,rbf_svm,100.000000,0.001,45,3,0.973684,0.972710,0.967014
USP,rbf_svm,100.000000,0.01,45,3,1.000000,1.000000,1.000000
USP,rbf_svm,100.000000,0.1,45,3,1.000000,1.000000,1.000000
USP,rbf_svm,100.000000,1,45,3,0.894737,0.883333,0.865009
USP,rbf_svm,100.000000,10,45,3,0.473684,0.296296,0.285714
SNV,svm,0.010000,scale,45,3,0.868421,0.834402,0.834206
SNV,svm,0.100000,scale,45,3,0.973684,0.978408,0.966957
SNV,svm,1.000000,scale,45,3,0.947368,0.961415,0.933856
SNV,svm,10.000000,scale,45,3,0.973684,0.983982,0.966812
SNV,svm,100.000000,scale,45,3,0.973684,0.983982,0.966812
SNV,rbf_svm,0.100000,0.001,45,3,0.078947,0.024390,0.000000
SNV,rbf_svm,0.100000,0.01,45,3,0.078947,0.024390,0.000000
SNV,rbf_svm,0.100000,0.1,45,3,0.552632,0.590524,0.485259
SNV,rbf_svm,0.100000,1,45,3,0.078947,0.024390,0.000000
SNV,rbf_svm,0.100000,10,45,3,0.078947,0.024390,0.000000
SNV,rbf_svm,1.000000,0.001,45,3,0.315789,0.159091,0.091912
SNV,rbf_svm,1.000000,0.01,45,3,0.868421,0.834402,0.834206
SNV,rbf_svm,1.000000,0.1,45,3,0.947368,0.944006,0.933157
SNV,rbf_svm,1.000000,1,45,3,0.657895,0.497354,0.537453
SNV,rbf_svm,1.000000,10,45,3,0.263158,0.069444,0.000000
SNV,rbf_svm,10.000000,0.001,45,3,0.868421,0.834402,0.834206
SNV,rbf_svm,10.000000,0.01,45,3,0.947368,0.961415,0.933856
SNV,rbf_svm,10.000000,0.1,45,3,0.947368,0.944006,0.933157
SNV,rbf_svm,10.000000,1,45,3,0.657895,0.497354,0.537453
SNV,rbf_svm,10.000000,10,45,3,0.473684,0.224556,0.264279
SNV,rbf_svm,100.000000,0.001,45,3,0.947368,0.961415,0.933856
SNV,rbf_svm,100.000000,0.01,45,3,0.973684,0.983982,0.966812
SNV,rbf_svm,100.000000,0.1,45,3,0.921053,0.922743,0.899293
SNV,rbf_svm,100.000000,1,45,3,0.657895,0.497354,0.537453
SNV,rbf_svm,100.000000,10,45,3,0.473684,0.224556,0.264279
USP,svm,0.010000,scale,45,4,0.868421,0.846439,0.835782
USP,svm,0.100000,scale,45,4,0.947368,0.921693,0.934028
USP,svm,1.000000,scale,45,4,0.947368,0.932997,0.933624
USP,svm,10.000000,scale,45,4,0.947368,0.932997,0.933624
USP,svm,100.000000,scale,45,4,0.947368,0.932997,0.933624
USP,rbf_svm,0.100000,0.001,45,4,0.289474,0.144691,0.157635
USP,rbf_svm,0.100000,0.01,45,4,0.447368,0.279589,0.329975
USP,rbf_svm,0.100000,0.1,45,4,0.868421,0.846212,0.834350
USP,rbf_svm,0.100000,1,45,4,0.315789,0.159722,0.044487
USP,rbf_svm,0.100000,10,45,4,0.289474,0.074830,0.000000
USP,rbf_svm,1.000000,0.001,45,4,0.552632,0.308889,0.419587
USP,rbf_svm,1.000000,0.01,45,4,0.894737,0.868783,0.868056
USP,rbf_svm,1.000000,0.1,45,4,0.921053,0.891330,0.900437
USP,rbf_svm,1.000000,1,45,4,0.868421,0.829411,0.829596
USP,rbf_svm,1.000000,10,45,4,0.447368,0.330509,0.236364
USP,rbf_svm,10.000000,0.001,45,4,0.894737,0.861111,0.868852
USP,rbf_svm,10.000000,0.01,45,4,0.947368,0.932275,0.933682
USP,rbf_svm,10.000000,0.1,45,4,0.921053,0.894372,0.900437
USP,rbf_svm,10.000000,1,45,4,0.894737,0.843407,0.863799
USP,rbf_svm,10.000000,10,45,4,0.394737,0.298948,0.186220
USP,rbf_svm,100.000000,0.001,45,4,0.947368,0.927391,0.933913
USP,rbf_svm,100.000000,0.01,45,4,0.947368,0.932275,0.933682
USP,rbf_svm,100.000000,0.1,45,4,0.921053,0.894372,0.900437
USP,rbf_svm,100.000000,1,45,4,0.894737,0.843407,0.863799
USP,rbf_svm,100.000000,10,45,4,0.394737,0.298948,0.186220
SNV,svm,0.010000,scale,45,4,0.921053,0.883730,0.901042
SNV,svm,0.100000,scale,45,4,0.947368,0.932275,0.933682
SNV,svm,1.000000,scale,45,4,0.947368,0.932275,0.933682
SNV,svm,10.000000,scale,45,4,0.947368,0.932275,0.933682
SNV,svm,100.000000,scale,45,4,0.947368,0.932275,0.933682
SNV,rbf_svm,0.100000,0.001,45,4,0.368421,0.180340,0.163303
SNV,rbf_svm,0.100000,0.01,45,4,0.342105,0.159345,0.115456
SNV,rbf_svm,0.100000,0.1,45,4,0.842105,0.828261,0.796064
SNV,rbf_svm,0.100000,1,45,4,0.315789,0.159722,0.044487
SNV,rbf_svm,0.100000,10,45,4,0.289474,0.074830,0.000000
SNV,rbf_svm,1.000000,0.001,45,4,0.289474,0.074830,0.000000
SNV,rbf_svm,1.000000,0.01,45,4,0.947368,0.932275,0.933682
SNV,rbf_svm,1.000000,0.1,45,4,0.947368,0.943579,0.933333
SNV,rbf_svm,1.000000,1,45,4,0.631579,0.575210,0.515924
SNV,rbf_svm,1.000000,10,45,4,0.289474,0.074830,0.000000
SNV,rbf_svm,10.000000,0.001,45,4,0.947368,0.932275,0.933682
SNV,rbf_svm,10.000000,0.01,45,4,0.947368,0.932275,0.933682
SNV,rbf_svm,10.000000,0.1,45,4,0.947368,0.943579,0.933333
SNV,rbf_svm,10.000000,1,45,4,0.631579,0.575210,0.515924
SNV,rbf_svm,10.000000,10,45,4,0.289474,0.098700,0.034807
SNV,rbf_svm,100.000000,0.001,45,4,0.947368,0.932275,0.933682
SNV,rbf_svm,100.000000,0.01,45,4,0.921053,0.916330,0.900437
SNV,rbf_svm,100.000000,0.1,45,4,0.947368,0.943579,0.933333
SNV,rbf_svm,100.000000,1,45,4,0.631579,0.575210,0.515924
SNV,rbf_svm,100.000000,10,45,4,0.289474,0.098700,0.034807
USP,svm,0.010000,scale,46,0,0.974359,0.974235,0.967337
USP,svm,0.100000,scale,46,0,0.974359,0.976912,0.967662
USP,svm,1.000000,scale,46,0,1.000000,1.000000,1.000000
USP,svm,10.000000,scale,46,0,1.000000,1.000000,1.000000
USP,svm,100.000000,scale,46,0,1.000000,1.000000,1.000000
USP,rbf_svm,0.100000,0.001,46,0,0.076923,0.023810,0.000000
USP,rbf_svm,0.100000,0.01,46,0,0.461538,0.330404,0.369029
USP,rbf_svm,0.100000,0.1,46,0,0.871795,0.841667,0.838040
USP,rbf_svm,0.100000,1,46,0,0.179487,0.100000,0.063063
USP,rbf_svm,0.100000,10,46,0,0.076923,0.023810,0.000000
USP,rbf_svm,1.000000,0.001,46,0,0.205128,0.119236,0.103116
USP,rbf_svm,1.000000,0.01,46,0,0.948718,0.933655,0.934233
USP,rbf_svm,1.000000,0.1,46,0,0.948718,0.934259,0.934233
USP,rbf_svm,1.000000,1,46,0,0.897436,0.857356,0.867008
USP,rbf_svm,1.000000,10,46,0,0.358974,0.236744,0.117647
USP,rbf_svm,10.000000,0.001,46,0,0.974359,0.976912,0.967662
USP,rbf_svm,10.000000,0.01,46,0,0.948718,0.933655,0.934233
USP,rbf_svm,10.000000,0.1,46,0,0.923077,0.911861,0.900931
USP,rbf_svm,10.000000,1,46,0,0.897436,0.857356,0.867008
USP,rbf_svm,10.000000,10,46,0,0.461538,0.320390,0.258824
USP,rbf_svm,100.000000,0.001,46,0,1.000000,1.000000,1.000000
USP,rbf_svm,100.000000,0.01,46,0,0.974359,0.959420,0.967282
USP,rbf_svm,100.000000,0.1,46,0,0.923077,0.911861,0.900931
USP,rbf_svm,100.000000,1,46,0,0.897436,0.857356,0.867008
USP,rbf_svm,100.000000,10,46,0,0.461538,0.320390,0.258824
SNV,svm,0.010000,scale,46,0,0.897436,0.813285,0.868243
SNV,svm,0.100000,scale,46,0,0.974359,0.959420,0.967282
SNV,svm,1.000000,scale,46,0,0.948718,0.929262,0.935000
SNV,svm,10.000000,scale,46,0,0.923077,0.907468,0.902092
SNV,svm,100.000000,scale,46,0,0.923077,0.907468,0.902092
SNV,rbf_svm,0.100000,0.001,46,0,0.076923,0.023810,0.000000
SNV,rbf_svm,0.100000,0.01,46,0,0.076923,0.023810,0.000000
SNV,rbf_svm,0.100000,0.1,46,0,0.538462,0.565014,0.466970
SNV,rbf_svm,0.100000,1,46,0,0.076923,0.023810,0.000000
SNV,rbf_svm,0.100000,10,46,0,0.076923,0.023810,0.000000
SNV,rbf_svm,1.000000,0.001,46,0,0.076923,0.025641,-0.006452
SNV,rbf_svm,1.000000,0.01,46,0,0.923077,0.919108,0.901349
SNV,rbf_svm,1.000000,0.1,46,0,0.923077,0.920212,0.901349
SNV,rbf_svm,1.000000,1,46,0,0.641026,0.631944,0.523976
SNV,rbf_svm,1.000000,10,46,0,0.282051,0.073333,0.000000
SNV,rbf_svm,10.000000,0.001,46,0,0.948718,0.929262,0.935000
SNV,rbf_svm,10.000000,0.01,46,0,0.948718,0.944841,0.934564
SNV,rbf_svm,10.000000,0.1,46,0,0.923077,0.920212,0.901349
SNV,rbf_svm,10.000000,1,46,0,0.692308,0.663399,0.591979
SNV,rbf_svm,10.000000,10,46,0,0.384615,0.168599,0.142857
SNV,rbf_svm,100.000000,0.001,46,0,0.948718,0.929262,0.935000
SNV,rbf_svm,100.000000,0.01,46,0,0.974359,0.959420,0.967282
SNV,rbf_svm,100.000000,0.1,46,0,0.923077,0.920212,0.901349
SNV,rbf_svm,100.000000,1,46,0,0.692308,0.663399,0.591979
SNV,rbf_svm,100.000000,10,46,0,0.384615,0.168599,0.142857
USP,svm,0.010000,scale,46,1,0.897436,0.905509,0.873582
USP,svm,0.100000,scale,46,1,0.948718,0.951587,0.936170
USP,svm,1.000000,scale,46,1,0.974359,0.967419,0.968059
USP,svm,10.000000,scale,46,1,0.974359,0.967419,0.968059
USP,svm,100.000000,scale,46,1,0.974359,0.967419,0.968059
USP,rbf_svm,0.100000,0.001,46,1,0.076923,0.023810,0.000000
USP,rbf_svm,0.100000,0.01,46,1,0.307692,0.228004,0.211826
USP,rbf_svm,0.100000,0.1,46,1,0.923077,0.920635,0.903783
USP,rbf_svm,0.100000,1,46,1,0.230769,0.227778,0.145985
USP,rbf_svm,0.100000,10,46,1,0.076923,0.023810,0.000000
USP,rbf_svm,1.000000,0.001,46,1,0.384615,0.373647,0.294650
USP,rbf_svm,1.000000,0.01,46,1,0.897436,0.905509,0.873582
USP,rbf_svm,1.000000,0.1,46,1,0.948718,0.951587,0.936170
USP,rbf_svm,1.000000,1,46,1,0.717949,0.773857,0.642500
USP,rbf_svm,1.000000,10,46,1,0.358974,0.258689,0.146982
USP,rbf_svm,10.000000,0.001,46,1,0.871795,0.869108,0.842869
USP,rbf_svm,10.000000,0.01,46,1,0.948718,0.951587,0.936170
USP,rbf_svm,10.000000,0.1,46,1,0.948718,0.968182,0.935750
USP,rbf_svm,10.000000,1,46,1,0.820513,0.841249,0.771739
USP,rbf_svm,10.000000,10,46,1,0.384615,0.280519,0.180385
USP,rbf_svm,100.000000,0.001,46,1,0.948718,0.951587,0.936170
USP,rbf_svm,100.000000,0.01,46,1,0.948718,0.942520,0.936378
USP,rbf_svm,100.000000,0.1,46,1,0.948718,0.968182,0.935750
USP,rbf_svm,100.000000,1,46,1,0.820513,0.841249,0.771739
USP,rbf_svm,100.000000,10,46,1,0.384615,0.280519,0.180385
SNV,svm,0.010000,scale,46,1,0.743590,0.741334,0.686747
SNV,svm,0.100000,scale,46,1,0.897436,0.913228,0.873582
SNV,svm,1.000000,scale,46,1,0.923077,0.921763,0.904955
SNV,svm,10.000000,scale,46,1,0.923077,0.926787,0.904645
SNV,svm,100.000000,scale,46,1,0.923077,0.926787,0.904645
SNV,rbf_svm,0.100000,0.001,46,1,0.076923,0.023810,0.000000
SNV,rbf_svm,0.100000,0.01,46,1,0.076923,0.023810,0.000000
SNV,rbf_svm,0.100000,0.1,46,1,0.487179,0.568945,0.420074
SNV,rbf_svm,0.100000,1,46,1,0.076923,0.023810,0.000000
SNV,rbf_svm,0.100000,10,46,1,0.076923,0.023810,0.000000
SNV,rbf_svm,1.000000,0.001,46,1,0.256410,0.068027,0.000000
SNV,rbf_svm,1.000000,0.01,46,1,0.897436,0.896703,0.872861
SNV,rbf_svm,1.000000,0.1,46,1,0.871795,0.912179,0.839506
SNV,rbf_svm,1.000000,1,46,1,0.512821,0.373161,0.338393
SNV,rbf_svm,1.000000,10,46,1,0.256410,0.068027,0.000000
SNV,rbf_svm,10.000000,0.001,46,1,0.871795,0.874933,0.841721
SNV,rbf_svm,10.000000,0.01,46,1,0.897436,0.913228,0.873582
SNV,rbf_svm,10.000000,0.1,46,1,0.923077,0.946922,0.903862
SNV,rbf_svm,10.000000,1,46,1,0.589744,0.442079,0.446318
SNV,rbf_svm,10.000000,10,46,1,0.358974,0.154937,0.109589
SNV,rbf_svm,100.000000,0.001,46,1,0.897436,0.913228,0.873582
SNV,rbf_svm,100.000000,0.01,46,1,0.923077,0.932947,0.904801
SNV,rbf_svm,100.000000,0.1,46,1,0.948718,0.967593,0.935644
SNV,rbf_svm,100.000000,1,46,1,0.589744,0.442079,0.446318
SNV,rbf_svm,100.000000,10,46,1,0.358974,0.154937,0.109589
USP,svm,0.010000,scale,46,2,0.871795,0.879775,0.841205
USP,svm,0.100000,scale,46,2,0.897436,0.897884,0.873068
USP,svm,1.000000,scale,46,2,0.923077,0.917154,0.904490
USP,svm,10.000000,scale,46,2,0.923077,0.917154,0.904490
USP,svm,100.000000,scale,46,2,0.923077,0.917154,0.904490
USP,rbf_svm,0.100000,0.001,46,2,0.076923,0.023810,0.000000
USP,rbf_svm,0.100000,0.01,46,2,0.358974,0.270425,0.269115
USP,rbf_svm,0.100000,0.1,46,2,0.846154,0.850265,0.809756
USP,rbf_svm,0.100000,1,46,2,0.410256,0.430147,0.312117
USP,rbf_svm,0.100000,10,46,2,0.076923,0.023810,0.000000
USP,rbf_svm,1.000000,0.001,46,2,0.307692,0.260198,0.201062
USP,rbf_svm,1.000000,0.01,46,2,0.871795,0.879775,0.841205
USP,rbf_svm,1.000000,0.1,46,2,0.897436,0.894607,0.872236
USP,rbf_svm,1.000000,1,46,2,0.820513,0.818298,0.769815
USP,rbf_svm,1.000000,10,46,2,0.461538,0.277597,0.275221
USP,rbf_svm,10.000000,0.001,46,2,0.871795,0.879775,0.841205
USP,rbf_svm,10.000000,0.01,46,2,0.923077,0.917154,0.904490
USP,rbf_svm,10.000000,0.1,46,2,0.897436,0.911274,0.871499
USP,rbf_svm,10.000000,1,46,2,0.820513,0.818298,0.769815
USP,rbf_svm,10.000000,10,46,2,0.461538,0.277597,0.275221
USP,rbf_svm,100.000000,0.001,46,2,0.923077,0.917154,0.904490
USP,rbf_svm,100.000000,0.01,46,2,0.923077,0.917154,0.904490
USP,rbf_svm,100.000000,0.1,46,2,0.897436,0.911274,0.871499
USP,rbf_svm,100.000000,1,46,2,0.820513,0.818298,0.769815
USP,rbf_svm,100.000000,10,46,2,0.461538,0.277597,0.275221
SNV,svm,0.010000,scale,46,2,0.897436,0.916330,0.873479
SNV,svm,0.100000,scale,46,2,0.897436,0.897884,0.873068
SNV,svm,1.000000,scale,46,2,0.897436,0.897884,0.873068
SNV,svm,10.000000,scale,46,2,0.923077,0.917154,0.904490
SNV,svm,100.000000,scale,46,2,0.923077,0.917154,0.904490
SNV,rbf_svm,0.100000,0.001,46,2,0.076923,0.023810,0.000000
SNV,rbf_svm,0.100000,0.01,46,2,0.076923,0.023810,0.000000
SNV,rbf_svm,0.100000,0.1,46,2,0.564103,0.600849,0.496201
SNV,rbf_svm,0.100000,1,46,2,0.076923,0.023810,0.000000
SNV,rbf_svm,0.100000,10,46,2,0.076923,0.023810,0.000000
SNV,rbf_svm,1.000000,0.001,46,2,0.256410,0.068027,0.000000
SNV,rbf_svm,1.000000,0.01,46,2,0.897436,0.897884,0.873068
SNV,rbf_svm,1.000000,0.1,46,2,0.923077,0.938150,0.903465
SNV,rbf_svm,1.000000,1,46,2,0.538462,0.430952,0.374889
SNV,rbf_svm,1.000000,10,46,2,0.256410,0.068027,0.000000
SNV,rbf_svm,10.000000,0.001,46,2,0.871795,0.874339,0.842105
SNV,rbf_svm,10.000000,0.01,46,2,0.897436,0.913896,0.872340
SNV,rbf_svm,10.000000,0.1,46,2,0.923077,0.938150,0.903465
SNV,rbf_svm,10.000000,1,46,2,0.589744,0.483746,0.447298
SNV,rbf_svm,10.000000,10,46,2,0.333333,0.131944,0.073126
SNV,rbf_svm,100.000000,0.001,46,2,0.897436,0.897884,0.873068
SNV,rbf_svm,100.000000,0.01,46,2,0.923077,0.936843,0.903545
SNV,rbf_svm,100.000000,0.1,46,2,0.923077,0.938150,0.903465
SNV,rbf_svm,100.000000,1,46,2,0.589744,0.483746,0.447298
SNV,rbf_svm,100.000000,10,46,2,0.333333,0.131944,0.073126
USP,svm,0.010000,scale,46,3,0.815789,0.794928,0.769497
USP,svm,0.100000,scale,46,3,0.947368,0.957672,0.934142
USP,svm,1.000000,scale,46,3,0.973684,0.978408,0.966957
USP,svm,10.000000,scale,46,3,1.000000,1.000000,1.000000
USP,svm,100.000000,scale,46,3,1.000000,1.000000,1.000000
USP,rbf_svm,0.100000,0.001,46,3,0.078947,0.024390,0.000000
USP,rbf_svm,0.100000,0.01,46,3,0.289474,0.212632,0.188291
USP,rbf_svm,0.100000,0.1,46,3,0.921053,0.925926,0.901893
USP,rbf_svm,0.100000,1,46,3,0.394737,0.433028,0.284193
USP,rbf_svm,0.100000,10,46,3,0.078947,0.024390,0.000000
USP,rbf_svm,1.000000,0.001,46,3,0.263158,0.182644,0.157561
USP,rbf_svm,1.000000,0.01,46,3,0.921053,0.925926,0.901893
USP,rbf_svm,1.000000,0.1,46,3,0.947368,0.946662,0.934370
USP,rbf_svm,1.000000,1,46,3,0.921053,0.931363,0.899736
USP,rbf_svm,1.000000,10,46,3,0.552632,0.467339,0.402405
USP,rbf_svm,10.000000,0.001,46,3,0.921053,0.925926,0.901893
USP,rbf_svm,10.000000,0.01,46,3,0.947368,0.957672,0.934142
USP,rbf_svm,10.000000,0.1,46,3,1.000000,1.000000,1.000000
USP,rbf_svm,10.000000,1,46,3,0.921053,0.931363,0.899736
USP,rbf_svm,10.000000,10,46,3,0.631579,0.504388,0.506494
USP,rbf_svm,100.000000,0.001,46,3,0.947368,0.957672,0.934142
USP,rbf_svm,100.000000,0.01,46,3,1.000000,1.000000,1.000000
USP,rbf_svm,100.000000,0.1,46,3,1.000000,1.000000,1.000000
USP,rbf_svm,100.000000,1,46,3,0.921053,0.931363,0.899736
USP,rbf_svm,100.000000,10,46,3,0.631579,0.504388,0.506494
SNV,svm,0.010000,scale,46,3,0.894737,0.890086,0.868284
SNV,svm,0.100000,scale,46,3,0.921053,0.925926,0.901893
SNV,svm,1.000000,scale,46,3,0.921053,0.925926,0.901893
SNV,svm,10.000000,scale,46,3,0.973684,0.968254,0.967071
SNV,svm,100.000000,scale,46,3,0.973684,0.968254,0.967071
SNV,rbf_svm,0.100000,0.001,46,3,0.078947,0.024390,0.000000
SNV,rbf_svm,0.100000,0.01,46,3,0.078947,0.024390,0.000000
SNV,rbf_svm,0.100000,0.1,46,3,0.552632,0.587176,0.480290
SNV,rbf_svm,0.100000,1,46,3,0.078947,0.024390,0.000000
SNV,rbf_svm,0.100000,10,46,3,0.078947,0.024390,0.000000
SNV,rbf_svm,1.000000,0.001,46,3,0.368421,0.212698,0.170909
SNV,rbf_svm,1.000000,0.01,46,3,0.921053,0.925926,0.901893
SNV,rbf_svm,1.000000,0.1,46,3,0.973684,0.959420,0.966608
SNV,rbf_svm,1.000000,1,46,3,0.684211,0.659034,0.580882
SNV,rbf_svm,1.000000,10,46,3,0.263158,0.069444,0.000000
SNV,rbf_svm,10.000000,0.001,46,3,0.921053,0.925926,0.901893
SNV,rbf_svm,10.000000,0.01,46,3,0.921053,0.925926,0.901893
SNV,rbf_svm,10.000000,0.1,46,3,0.973684,0.959420,0.966608
SNV,rbf_svm,10.000000,1,46,3,0.763158,0.702365,0.686526
SNV,rbf_svm,10.000000,10,46,3,0.394737,0.176720,0.151456
SNV,rbf_svm,100.000000,0.001,46,3,0.921053,0.925926,0.901893
SNV,rbf_svm,100.000000,0.01,46,3,0.973684,0.968254,0.967071
SNV,rbf_svm,100.000000,0.1,46,3,0.973684,0.959420,0.966608
SNV,rbf_svm,100.000000,1,46,3,0.763158,0.702365,0.686526
SNV,rbf_svm,100.000000,10,46,3,0.394737,0.176720,0.151456
USP,svm,0.010000,scale,46,4,0.921053,0.913370,0.901554
USP,svm,0.100000,scale,46,4,1.000000,1.000000,1.000000
USP,svm,1.000000,scale,46,4,1.000000,1.000000,1.000000
USP,svm,10.000000,scale,46,4,1.000000,1.000000,1.000000
USP,svm,100.000000,scale,46,4,1.000000,1.000000,1.000000
USP,rbf_svm,0.100000,0.001,46,4,0.315789,0.153846,0.183471
USP,rbf_svm,0.100000,0.01,46,4,0.315789,0.151111,0.178037
USP,rbf_svm,0.100000,0.1,46,4,0.947368,0.934921,0.934085
USP,rbf_svm,0.100000,1,46,4,0.368421,0.260013,0.124760
USP,rbf_svm,0.100000,10,46,4,0.289474,0.074830,0.000000
USP,rbf_svm,1.000000,0.001,46,4,0.552632,0.321734,0.394564
USP,rbf_svm,1.000000,0.01,46,4,0.921053,0.920248,0.901042
USP,rbf_svm,1.000000,0.1,46,4,0.973684,0.957672,0.966841
USP,rbf_svm,1.000000,1,46,4,0.947368,0.953530,0.933216
USP,rbf_svm,1.000000,10,46,4,0.394737,0.225071,0.156371
USP,rbf_svm,10.000000,0.001,46,4,0.947368,0.962576,0.934028
USP,rbf_svm,10.000000,0.01,46,4,1.000000,1.000000,1.000000
USP,rbf_svm,10.000000,0.1,46,4,0.973684,0.957672,0.966841
USP,rbf_svm,10.000000,1,46,4,0.973684,0.968944,0.966637
USP,rbf_svm,10.000000,10,46,4,0.526316,0.306481,0.342939
USP,rbf_svm,100.000000,0.001,46,4,1.000000,1.000000,1.000000
USP,rbf_svm,100.000000,0.01,46,4,1.000000,1.000000,1.000000
USP,rbf_svm,100.000000,0.1,46,4,0.973684,0.957672,0.966841
USP,rbf_svm,100.000000,1,46,4,0.973684,0.968944,0.966637
USP,rbf_svm,100.000000,10,46,4,0.526316,0.306481,0.342939
SNV,svm,0.010000,scale,46,4,0.973684,0.957672,0.966841
SNV,svm,0.100000,scale,46,4,1.000000,1.000000,1.000000
SNV,svm,1.000000,scale,46,4,1.000000,1.000000,1.000000
SNV,svm,10.000000,scale,46,4,1.000000,1.000000,1.000000
SNV,svm,100.000000,scale,46,4,1.000000,1.000000,1.000000
SNV,rbf_svm,0.100000,0.001,46,4,0.368421,0.180340,0.163303
SNV,rbf_svm,0.100000,0.01,46,4,0.368421,0.180340,0.163303
SNV,rbf_svm,0.100000,0.1,46,4,0.973684,0.968254,0.966667
SNV,rbf_svm,0.100000,1,46,4,0.368421,0.246377,0.131429
SNV,rbf_svm,0.100000,10,46,4,0.289474,0.074830,0.000000
SNV,rbf_svm,1.000000,0.001,46,4,0.289474,0.074830,0.000000
SNV,rbf_svm,1.000000,0.01,46,4,1.000000,1.000000,1.000000
SNV,rbf_svm,1.000000,0.1,46,4,0.973684,0.968254,0.966667
SNV,rbf_svm,1.000000,1,46,4,0.736842,0.662573,0.656420
SNV,rbf_svm,1.000000,10,46,4,0.289474,0.074830,0.000000
SNV,rbf_svm,10.000000,0.001,46,4,1.000000,1.000000,1.000000
SNV,rbf_svm,10.000000,0.01,46,4,1.000000,1.000000,1.000000
SNV,rbf_svm,10.000000,0.1,46,4,0.973684,0.968254,0.966667
SNV,rbf_svm,10.000000,1,46,4,0.763158,0.676054,0.690498
SNV,rbf_svm,10.000000,10,46,4,0.394737,0.181686,0.174693
SNV,rbf_svm,100.000000,0.001,46,4,1.000000,1.000000,1.000000
SNV,rbf_svm,100.000000,0.01,46,4,1.000000,1.000000,1.000000
SNV,rbf_svm,100.000000,0.1,46,4,0.973684,0.968254,0.966667
SNV,rbf_svm,100.000000,1,46,4,0.763158,0.676054,0.690498
SNV,rbf_svm,100.000000,10,46,4,0.394737,0.181686,0.174693
