phase,condition,method,classifier,OA_mean,OA_std,F1_mean,F1_std,k_mean,k_std
1,Pooled,Detrend,rbf_svm,0.6646,0.0851,0.6653,0.0858,0.5978,0.1018
1,Pooled,Detrend,svm,0.7334,0.0660,0.7336,0.0670,0.6801,0.0789
1,Pooled,EMSC,rbf_svm,0.6323,0.0663,0.6436,0.0631,0.5588,0.0799
1,Pooled,EMSC,svm,0.7054,0.0785,0.7070,0.0785,0.6463,0.0940
1,Pooled,SG1,rbf_svm,0.6728,0.0853,0.6784,0.0816,0.6076,0.1022
1,Pooled,SG1,svm,0.7377,0.0751,0.7382,0.0748,0.6854,0.0898
1,Pooled,SNV,rbf_svm,0.6855,0.0745,0.6895,0.0725,0.6227,0.0893
1,Pooled,SNV,svm,0.7162,0.0776,0.7170,0.0789,0.6593,0.0930
1,Pooled,USP,rbf_svm,0.5946,0.0733,0.5969,0.0712,0.5135,0.0879
1,Pooled,USP,svm,0.7324,0.0794,0.7351,0.0779,0.6791,0.0948
1,Pooled+BandShift,Detrend,rbf_svm,0.6152,0.0796,0.6136,0.0805,0.5385,0.0952
1,Pooled+BandShift,Detrend,svm,0.6497,0.0873,0.6480,0.0930,0.5796,0.1043
1,Pooled+BandShift,EMSC,rbf_svm,0.5863,0.0807,0.5950,0.0835,0.5037,0.0972
1,Pooled+BandShift,EMSC,svm,0.6296,0.0775,0.6247,0.0798,0.5554,0.0928
1,Pooled+BandShift,SG1,rbf_svm,0.3901,0.0494,0.3615,0.0594,0.2687,0.0591
1,Pooled+BandShift,SG1,svm,0.3991,0.0657,0.3651,0.0673,0.2789,0.0784
1,Pooled+BandShift,SNV,rbf_svm,0.6620,0.0728,0.6650,0.0732,0.5944,0.0872
1,Pooled+BandShift,SNV,svm,0.6621,0.0739,0.6658,0.0726,0.5943,0.0886
1,Pooled+BandShift,USP,rbf_svm,0.5874,0.0705,0.5898,0.0689,0.5049,0.0846
1,Pooled+BandShift,USP,svm,0.7181,0.0759,0.7179,0.0759,0.6617,0.0906
2,Bu5,Detrend,rbf_svm,0.5956,0.1691,0.5154,0.1986,0.5145,0.1974
2,Bu5,Detrend,svm,0.6806,0.1290,0.6273,0.1492,0.6139,0.1545
2,Bu5,EMSC,rbf_svm,0.6789,0.1641,0.6173,0.1991,0.6129,0.1910
2,Bu5,EMSC,svm,0.6989,0.1345,0.6409,0.1580,0.6353,0.1616
2,Bu5,SG1,rbf_svm,0.6711,0.1504,0.5978,0.1876,0.6027,0.1788
2,Bu5,SG1,svm,0.6994,0.1427,0.6471,0.1702,0.6364,0.1703
2,Bu5,SNV,rbf_svm,0.7172,0.1425,0.6537,0.1727,0.6599,0.1673
2,Bu5,SNV,svm,0.7822,0.1287,0.7453,0.1511,0.7369,0.1532
2,Bu5,USP,rbf_svm,0.7206,0.1520,0.6560,0.1962,0.6603,0.1797
2,Bu5,USP,svm,0.6761,0.1680,0.6071,0.1992,0.6086,0.1945
2,C,Detrend,rbf_svm,0.6533,0.1690,0.6109,0.1728,0.5889,0.1930
2,C,Detrend,svm,0.7500,0.1310,0.7124,0.1472,0.6952,0.1597
2,C,EMSC,rbf_svm,0.7289,0.1481,0.7055,0.1579,0.6750,0.1726
2,C,EMSC,svm,0.8317,0.1159,0.8078,0.1469,0.7946,0.1408
2,C,SG1,rbf_svm,0.7256,0.1412,0.6925,0.1536,0.6689,0.1690
2,C,SG1,svm,0.7506,0.1265,0.7127,0.1599,0.6959,0.1533
2,C,SNV,rbf_svm,0.7089,0.1847,0.6832,0.1908,0.6540,0.2164
2,C,SNV,svm,0.8233,0.0934,0.7916,0.1258,0.7840,0.1149
2,C,USP,rbf_svm,0.6650,0.1698,0.6041,0.1918,0.5967,0.1979
2,C,USP,svm,0.7611,0.1472,0.7184,0.1877,0.7070,0.1796
2,DIW,Detrend,rbf_svm,0.3694,0.1186,0.3440,0.1341,0.2465,0.1361
2,DIW,Detrend,svm,0.5778,0.1791,0.5142,0.1866,0.4871,0.2253
2,DIW,EMSC,rbf_svm,0.2600,0.1394,0.2219,0.1160,0.1205,0.1559
2,DIW,EMSC,svm,0.4678,0.1727,0.3938,0.1693,0.3552,0.2102
2,DIW,SG1,rbf_svm,0.4311,0.1319,0.4116,0.1329,0.3157,0.1578
2,DIW,SG1,svm,0.5800,0.1009,0.5380,0.1087,0.4932,0.1227
2,DIW,SNV,rbf_svm,0.3906,0.1463,0.3533,0.1485,0.2721,0.1681
2,DIW,SNV,svm,0.5589,0.1919,0.5053,0.2013,0.4641,0.2283
2,DIW,USP,rbf_svm,0.4033,0.1199,0.3473,0.1268,0.2759,0.1458
2,DIW,USP,svm,0.7289,0.1282,0.6964,0.1546,0.6729,0.1527
2,TG,Detrend,rbf_svm,0.6778,0.1221,0.6343,0.1533,0.6094,0.1517
2,TG,Detrend,svm,0.7533,0.1301,0.7020,0.1565,0.7004,0.1574
2,TG,EMSC,rbf_svm,0.7294,0.1349,0.6895,0.1588,0.6715,0.1606
2,TG,EMSC,svm,0.7589,0.1268,0.7107,0.1562,0.7071,0.1535
2,TG,SG1,rbf_svm,0.6961,0.1513,0.6556,0.1860,0.6329,0.1854
2,TG,SG1,svm,0.7822,0.1546,0.7463,0.1705,0.7355,0.1889
2,TG,SNV,rbf_svm,0.7150,0.1458,0.6717,0.1741,0.6540,0.1742
2,TG,SNV,svm,0.7722,0.1269,0.7227,0.1566,0.7237,0.1527
2,TG,USP,rbf_svm,0.6950,0.1955,0.6339,0.2211,0.6335,0.2296
2,TG,USP,svm,0.8178,0.1401,0.7633,0.1736,0.7793,0.1689
2,V,Detrend,rbf_svm,0.4100,0.1738,0.3814,0.1835,0.2932,0.2101
2,V,Detrend,svm,0.4539,0.1610,0.4044,0.1723,0.3402,0.1964
2,V,EMSC,rbf_svm,0.3656,0.1434,0.3303,0.1437,0.2423,0.1767
2,V,EMSC,svm,0.4622,0.1892,0.4091,0.1848,0.3507,0.2301
2,V,SG1,rbf_svm,0.4239,0.1547,0.3970,0.1545,0.3083,0.1880
2,V,SG1,svm,0.4278,0.1634,0.3718,0.1629,0.3078,0.1989
2,V,SNV,rbf_svm,0.4167,0.1602,0.3874,0.1777,0.3022,0.1907
2,V,SNV,svm,0.4761,0.1619,0.4145,0.1627,0.3692,0.1929
2,V,USP,rbf_svm,0.1783,0.1348,0.1338,0.1150,0.0145,0.1457
2,V,USP,svm,0.4339,0.1609,0.3603,0.1757,0.3138,0.1907
2,W6,Detrend,rbf_svm,0.7406,0.1753,0.6946,0.1929,0.6891,0.2023
2,W6,Detrend,svm,0.8394,0.1262,0.8062,0.1415,0.8062,0.1466
2,W6,EMSC,rbf_svm,0.8061,0.1828,0.7644,0.2258,0.7623,0.2261
2,W6,EMSC,svm,0.8106,0.1137,0.7671,0.1197,0.7716,0.1322
2,W6,SG1,rbf_svm,0.8028,0.1813,0.7639,0.1892,0.7641,0.2097
2,W6,SG1,svm,0.8722,0.1081,0.8527,0.1131,0.8448,0.1284
2,W6,SNV,rbf_svm,0.8006,0.1843,0.7616,0.2254,0.7559,0.2298
2,W6,SNV,svm,0.8633,0.1241,0.8318,0.1524,0.8340,0.1484
2,W6,USP,rbf_svm,0.7633,0.1685,0.7069,0.2142,0.7097,0.2066
2,W6,USP,svm,0.7767,0.1370,0.7224,0.1614,0.7314,0.1585
3,hold-out Bu5,Detrend,rbf_svm,0.7222,,0.7395,,0.6667,
3,hold-out Bu5,Detrend,svm,0.7778,,0.7960,,0.7333,
3,hold-out Bu5,EMSC,rbf_svm,0.6389,,0.6667,,0.5667,
3,hold-out Bu5,EMSC,svm,0.7778,,0.7833,,0.7333,
3,hold-out Bu5,SG1,rbf_svm,0.7222,,0.7401,,0.6667,
3,hold-out Bu5,SG1,svm,0.7500,,0.7581,,0.7000,
3,hold-out Bu5,SNV,rbf_svm,0.6667,,0.6899,,0.6000,
3,hold-out Bu5,SNV,svm,0.7500,,0.7304,,0.7000,
3,hold-out Bu5,USP,rbf_svm,0.6944,,0.7155,,0.6333,
3,hold-out Bu5,USP,svm,0.6667,,0.6682,,0.6000,
3,hold-out C,Detrend,rbf_svm,0.6111,,0.6467,,0.5333,
3,hold-out C,Detrend,svm,0.6111,,0.5717,,0.5333,
3,hold-out C,EMSC,rbf_svm,0.6667,,0.6960,,0.6000,
3,hold-out C,EMSC,svm,0.5833,,0.5599,,0.5000,
3,hold-out C,SG1,rbf_svm,0.6667,,0.6630,,0.6000,
3,hold-out C,SG1,svm,0.6944,,0.6504,,0.6333,
3,hold-out C,SNV,rbf_svm,0.6111,,0.6059,,0.5333,
3,hold-out C,SNV,svm,0.6111,,0.5746,,0.5333,
3,hold-out C,USP,rbf_svm,0.6111,,0.5766,,0.5333,
3,hold-out C,USP,svm,0.5278,,0.5259,,0.4333,
3,hold-out DIW,Detrend,rbf_svm,0.2778,,0.2546,,0.1333,
3,hold-out DIW,Detrend,svm,0.3611,,0.2765,,0.2333,
3,hold-out DIW,EMSC,rbf_svm,0.3056,,0.2884,,0.1667,
3,hold-out DIW,EMSC,svm,0.3889,,0.3102,,0.2667,
3,hold-out DIW,SG1,rbf_svm,0.4444,,0.4418,,0.3333,
3,hold-out DIW,SG1,svm,0.4722,,0.4069,,0.3667,
3,hold-out DIW,SNV,rbf_svm,0.3056,,0.3140,,0.1667,
3,hold-out DIW,SNV,svm,0.3611,,0.3475,,0.2333,
3,hold-out DIW,USP,rbf_svm,0.3611,,0.3426,,0.2333,
3,hold-out DIW,USP,svm,0.5000,,0.4661,,0.4000,
3,hold-out TG,Detrend,rbf_svm,0.6389,,0.6444,,0.5667,
3,hold-out TG,Detrend,svm,0.5278,,0.5113,,0.4333,
3,hold-out TG,EMSC,rbf_svm,0.6111,,0.6093,,0.5333,
3,hold-out TG,EMSC,svm,0.6944,,0.7072,,0.6333,
3,hold-out TG,SG1,rbf_svm,0.6944,,0.6900,,0.6333,
3,hold-out TG,SG1,svm,0.5000,,0.5124,,0.4000,
3,hold-out TG,SNV,rbf_svm,0.7500,,0.7730,,0.7000,
3,hold-out TG,SNV,svm,0.6944,,0.6767,,0.6333,
3,hold-out TG,USP,rbf_svm,0.6111,,0.6491,,0.5333,
3,hold-out TG,USP,svm,0.6944,,0.6972,,0.6333,
3,hold-out V,Detrend,rbf_svm,0.1667,,0.0476,,0.0000,
3,hold-out V,Detrend,svm,0.3333,,0.2543,,0.2000,
3,hold-out V,EMSC,rbf_svm,0.1944,,0.0976,,0.0333,
3,hold-out V,EMSC,svm,0.1944,,0.1680,,0.0333,
3,hold-out V,SG1,rbf_svm,0.1667,,0.0476,,0.0000,
3,hold-out V,SG1,svm,0.3056,,0.2560,,0.1667,
3,hold-out V,SNV,rbf_svm,0.4444,,0.3756,,0.3333,
3,hold-out V,SNV,svm,0.2778,,0.1957,,0.1333,
3,hold-out V,USP,rbf_svm,0.2500,,0.2059,,0.1000,
3,hold-out V,USP,svm,0.2500,,0.1941,,0.1000,
3,hold-out W6,Detrend,rbf_svm,0.5278,,0.5122,,0.4333,
3,hold-out W6,Detrend,svm,0.5556,,0.4636,,0.4667,
3,hold-out W6,EMSC,rbf_svm,0.5833,,0.5571,,0.5000,
3,hold-out W6,EMSC,svm,0.5833,,0.5123,,0.5000,
3,hold-out W6,SG1,rbf_svm,0.5833,,0.5599,,0.5000,
3,hold-out W6,SG1,svm,0.6389,,0.5778,,0.5667,
3,hold-out W6,SNV,rbf_svm,0.6667,,0.6702,,0.6000,
3,hold-out W6,SNV,svm,0.6944,,0.6759,,0.6333,
3,hold-out W6,USP,rbf_svm,0.8056,,0.8120,,0.7667,
3,hold-out W6,USP,svm,0.6944,,0.6610,,0.6333,
